id,boneage,male
14224,84,True
11010,94,False
12380,156,True
12465,162,True
9342,66,True
7456,138,True
11883,94,False
11106,36,False
4068,147,False
15026,132,True
9370,84,True
13039,114,True
6240,132,False
14698,168,True
6415,72,True
13365,150,True
1610,156,True
8166,106,False
8484,144,False
11787,150,True
12640,82,False
1634,82,False
5150,174,True
4873,114,True
1884,27,True
6121,162,False
5526,33,False
12527,120,False
14300,42,True
11980,94,False
4600,96,True
10925,94,False
12598,216,True
7671,168,True
11135,84,True
13509,162,False
7140,94,False
9552,150,True
12331,60,False
8958,156,True
3531,120,False
9591,138,True
5142,144,False
3416,192,False
5183,156,False
2944,186,True
3513,138,True
10640,48,True
13152,60,True
13022,168,True
12495,82,False
7988,228,True
5304,168,True
8385,96,True
15133,180,True
1854,198,True
13182,159,False
1793,180,False
15295,150,True
7178,168,True
5001,60,False
10141,138,True
13061,120,False
1840,13,False
5285,120,False
10857,150,True
10580,156,True
6668,84,True
8102,156,True
5184,84,True
8564,162,False
11301,126,False
2668,204,True
8719,162,True
7954,156,True
15080,132,False
8999,138,True
4209,186,False
6832,36,False
6976,132,False
10352,162,False
2500,194,True
8094,132,False
9738,50,False
2723,180,False
2489,156,True
8100,88,False
9564,120,True
11631,138,True
11063,165,False
10854,216,True
3120,111,False
2966,162,True
6737,120,True
10997,168,True
10455,82,False
4666,144,False
8791,132,True
2756,168,True
3715,120,False
2061,54,True
11116,150,True
15201,135,True
10117,132,False
8514,54,True
7828,120,False
5903,42,False
10019,108,True
13445,106,False
10041,156,True
10259,156,False
10829,106,False
12570,162,False
10058,94,False
10788,150,True
8902,156,True
4590,186,False
15240,126,True
3437,106,True
4714,165,True
7347,102,True
15047,42,True
15571,69,False
13125,43,False
1696,120,False
12633,69,False
5913,69,False
10336,168,True
8289,168,True
8082,156,False
11775,60,True
7179,150,True
6446,138,True
15531,156,True
14648,132,False
9904,168,True
9290,132,True
5441,156,False
14422,150,True
14625,192,False
15156,94,False
13251,150,True
12162,78,True
13037,168,False
13035,150,True
8558,168,True
15603,106,False
12136,120,False
11975,132,True
6174,60,True
6509,84,True
2349,192,True
9989,162,True
14204,96,True
13196,150,True
15208,106,False
11198,120,False
12936,48,True
5838,156,False
7167,168,True
8466,204,True
6555,132,False
11611,156,True
12241,120,True
1415,88,False
11771,144,False
12753,84,True
12092,150,True
1550,72,True
14419,162,True
8981,159,True
7091,162,False
11071,78,True
7061,94,False
10159,162,True
10870,114,True
8239,32,True
10531,106,False
6168,108,True
13098,72,True
10099,144,False
3179,192,True
2590,132,True
14026,138,True
10251,162,True
14109,126,True
10599,60,False
3876,67,False
11199,168,True
9252,132,True
3279,192,True
14195,66,True
6510,66,True
8444,106,False
10214,198,True
2142,150,True
11418,120,False
1505,69,True
14565,60,True
5387,204,True
8698,108,True
9747,168,True
5264,180,False
2596,54,True
9998,69,False
1445,21,True
5449,168,True
2015,144,False
11794,108,True
3074,120,False
9966,159,False
10493,108,True
15488,168,True
15341,94,False
8123,159,False
6747,72,True
12716,168,False
4821,69,False
12422,156,True
10830,102,True
1759,60,True
4048,144,False
12238,144,False
13954,42,False
3859,144,False
10800,162,True
8335,84,True
4596,132,False
4057,156,True
12922,168,True
10261,72,True
9938,60,False
15301,150,True
10406,168,True
6079,189,True
7436,45,True
2070,58,True
2814,180,False
2736,180,False
11687,132,False
9672,106,False
15078,168,True
6895,132,False
5492,180,True
2350,144,False
3297,180,True
7128,106,False
8750,132,True
13919,144,False
9123,69,False
7273,94,False
3611,162,True
11280,162,True
5817,94,False
5870,106,False
11782,84,True
6569,120,True
4216,106,False
7263,84,True
7351,120,False
6022,108,True
2731,216,True
12620,150,True
5372,84,False
5512,156,True
9652,216,True
6358,120,False
14601,150,True
7465,126,False
14972,156,True
8542,106,False
3356,192,True
2058,12,True
14299,156,True
11778,162,False
2290,132,False
7529,144,False
6374,96,True
2503,150,True
13591,120,True
5563,132,True
2924,168,True
5098,132,True
13984,120,False
10340,132,True
5552,168,True
13902,120,False
9513,106,False
15162,50,False
3648,132,False
4717,54,True
12493,168,True
9289,162,True
12435,132,False
6712,144,False
14037,144,False
4080,42,False
12531,30,False
13132,150,True
2145,30,False
14012,180,True
14166,132,True
11093,132,False
13791,132,False
6353,138,True
10771,114,True
13052,180,True
10530,168,True
13295,144,False
7888,94,False
13541,132,False
7169,138,True
15163,106,False
11779,90,True
1389,138,True
5587,120,True
15527,82,False
9882,168,True
3713,150,True
1767,180,False
6325,94,False
8302,42,False
9701,150,False
12014,132,False
1612,39,False
3890,120,False
7698,186,True
1681,120,True
11539,204,False
13220,54,True
8639,96,False
2455,180,False
11750,84,True
12389,150,True
12191,186,True
14658,150,True
9243,162,True
12676,100,False
2020,172,True
2324,144,True
13512,94,False
5706,120,False
2319,180,False
11496,106,False
13367,165,True
7073,144,False
9577,60,False
10293,162,True
12251,204,True
9158,108,True
8403,156,True
10572,82,False
10188,120,False
4677,84,False
5896,106,False
15328,120,True
3563,168,True
1803,148,False
3808,144,False
13727,162,False
14078,138,True
3601,156,True
7721,138,True
2805,132,False
2353,50,False
12309,168,True
13975,168,True
6391,72,True
6909,82,False
15233,126,False
15051,36,False
3831,165,True
2911,168,True
15031,120,False
10398,94,False
15322,126,False
14500,82,False
10438,180,False
12569,156,True
8185,168,True
14900,192,True
5712,120,True
10316,156,True
8790,106,False
5732,144,True
13580,138,True
8870,180,False
11807,156,True
12319,106,False
15235,78,True
7849,150,True
10893,120,False
11995,132,False
2271,137,False
13719,30,False
12479,150,True
3482,168,True
11564,156,True
8799,162,True
3858,113,False
8684,72,True
10571,156,True
3935,10,False
2804,156,False
6868,50,False
14062,106,False
11479,106,False
11703,120,True
12599,144,False
13550,132,False
4269,162,True
3953,192,False
8679,120,False
9833,57,True
13351,168,True
3682,144,False
2219,106,False
10326,120,False
5532,144,True
8693,94,False
8554,120,False
2784,120,False
14590,156,True
10264,180,True
7594,180,True
11761,113,False
9405,108,True
6662,162,True
5097,156,False
2065,168,True
5634,156,True
6563,168,True
1963,96,True
2200,132,False
6553,132,False
3562,162,True
7818,192,True
10226,204,True
7744,132,True
15243,132,False
14702,108,True
2696,168,True
5873,144,False
13608,144,False
11381,94,False
12926,94,False
5543,204,True
1942,94,False
6124,132,False
4616,162,True
12306,156,True
8982,168,True
12592,144,False
11182,156,False
4583,156,True
5696,168,False
8424,78,True
6636,72,True
7107,113,False
11100,120,False
11696,84,True
3847,144,False
4935,60,False
3249,113,False
4654,96,False
3111,168,True
14949,156,True
3738,132,False
13460,60,False
14196,150,True
13120,120,False
15545,150,True
1872,120,True
10436,162,False
2847,96,True
7084,168,True
5535,132,True
11655,69,False
6316,162,False
11507,156,True
14782,162,True
8370,50,False
5525,156,True
14249,94,False
11996,132,True
11265,82,False
7462,204,True
7859,94,False
12034,54,True
15548,144,False
5257,132,True
9590,144,False
8470,168,True
9722,228,True
3433,144,False
1508,186,True
5123,144,True
12176,156,False
12837,54,True
5382,156,True
6607,156,False
5805,96,True
3502,138,True
2682,192,False
13800,106,False
6217,94,False
3379,168,False
1708,102,True
14016,150,True
13113,204,True
2182,69,False
9170,162,False
9318,156,True
3036,168,True
13562,96,True
13471,150,True
14466,228,True
14321,162,True
4591,120,False
3780,106,False
1594,64,True
5904,106,False
15088,120,False
1997,138,True
4597,114,True
11001,138,True
13139,156,False
4679,120,True
14427,156,True
12744,120,False
15136,106,False
7836,156,True
3240,168,True
14121,150,True
14278,180,True
2762,156,False
4107,94,False
8707,113,False
3898,114,True
5118,24,False
8527,144,False
10834,120,False
13691,82,False
15168,84,True
10564,156,False
15154,120,False
6270,192,True
14926,106,False
11476,162,True
11880,138,True
10458,138,True
1408,126,True
2714,150,True
10853,168,True
14502,162,True
1800,94,False
12229,120,True
12388,84,True
14638,138,True
5811,132,True
3280,120,False
5989,180,True
13481,15,True
15166,168,True
8949,144,False
4030,144,False
7470,48,True
10768,132,True
8465,84,True
6845,120,False
13066,138,True
14281,106,False
14317,144,False
12294,108,True
6216,120,True
6289,60,False
9600,192,False
5837,94,False
3051,183,True
7093,82,False
6439,96,True
12686,94,False
2906,126,True
5814,150,False
7926,156,False
5834,156,True
14451,96,True
2039,126,True
13510,192,True
13572,120,True
8357,156,False
8205,69,False
3392,153,True
10670,180,True
4065,168,False
12270,168,True
12159,108,True
13290,156,True
4954,84,False
5692,66,True
14034,168,True
10075,156,True
6924,132,True
3801,162,False
3638,138,True
10083,180,False
12549,150,False
4059,60,False
10049,24,False
9891,120,True
5725,192,False
13648,168,True
7858,138,True
9419,168,False
2311,162,True
10985,120,True
9404,132,False
2825,138,False
10680,156,True
15309,84,True
15296,82,False
11456,138,True
3225,36,False
13144,162,True
11847,132,True
6029,69,False
11970,180,True
1948,84,False
13130,150,True
13812,132,False
9418,72,True
2008,106,False
9683,138,True
14931,84,True
9230,168,True
10509,126,False
2884,72,True
11669,120,True
12820,150,True
8471,168,True
3610,144,True
10929,150,True
9234,144,False
9507,84,True
6178,204,True
4672,96,False
9626,72,True
5809,186,True
14366,144,False
15006,156,False
9825,156,True
9643,106,False
10329,138,True
10780,156,True
9804,150,True
12364,120,False
2635,168,False
10265,120,True
12849,82,False
3800,150,True
11174,138,True
11731,180,True
9133,84,True
14820,186,True
1745,132,False
4777,156,False
8659,132,True
13111,94,False
14067,156,True
5522,48,True
3501,36,False
5428,96,False
13310,168,True
12842,168,False
1556,27,True
14627,132,False
15293,72,True
7412,126,False
4098,168,True
9502,204,True
4852,144,True
12929,132,True
9842,180,False
9249,132,False
2893,156,False
3242,204,True
10766,94,False
9799,36,False
9530,106,False
8415,106,False
13826,138,False
13860,120,False
7261,153,True
11627,150,True
13996,60,True
12530,150,True
10653,156,True
13559,204,True
6490,162,True
9282,156,True
7782,192,True
7250,36,False
3105,108,True
15487,138,True
12954,132,True
13674,186,True
5841,156,True
12911,156,False
10595,150,True
15054,106,False
13205,94,False
13247,108,True
4122,132,False
9847,82,False
5393,132,True
15586,192,True
5146,94,False
1827,126,False
5290,84,False
13820,132,False
2636,162,True
13537,60,True
6469,156,True
14595,138,True
8621,156,True
5500,168,True
4354,120,False
2792,156,True
12994,132,False
11498,42,False
12671,162,True
5657,132,False
13269,156,True
7337,82,False
13868,84,True
15380,42,True
7112,30,False
13255,82,False
12900,192,False
5079,120,False
10992,138,True
12002,162,False
13623,144,False
13606,156,True
3403,174,False
15470,153,True
10499,156,True
9562,132,True
6720,120,True
6659,120,True
11323,150,True
5614,108,True
11330,168,True
3186,180,True
6213,106,False
14057,150,False
2250,180,True
4984,120,False
11087,120,True
14268,168,True
14142,94,False
6175,162,True
3665,152,False
12440,150,True
15589,84,True
4190,72,True
9284,108,True
14410,132,False
3408,168,True
11690,150,True
6940,138,True
8577,153,True
6094,94,False
3417,180,False
1596,96,True
9194,51,True
7604,174,True
2359,174,False
10270,156,True
13382,120,True
11419,144,False
8416,120,False
3792,144,False
7158,108,True
4704,144,True
10682,162,True
3012,168,True
3678,100,False
2628,180,False
10310,96,True
14508,72,True
13941,120,True
10144,135,True
8606,150,True
12466,132,False
4950,168,True
2096,143,True
2348,168,True
11512,106,False
11570,94,False
5950,96,True
8929,150,True
11993,168,True
11939,168,True
9678,132,True
10981,132,False
8637,60,False
14988,132,True
6647,168,True
5705,150,True
3148,180,True
11263,72,True
9202,162,True
13505,168,True
8996,156,True
2983,94,False
12519,156,False
14825,120,False
11708,156,False
5807,90,True
15224,144,False
10687,168,True
14741,106,False
1663,48,True
5611,156,True
4647,132,True
1643,57,True
1898,126,True
7451,159,False
8600,180,False
13076,94,False
9216,88,False
4228,138,True
5831,132,True
7605,162,True
13516,150,False
3519,150,False
5592,96,True
8640,120,False
14348,120,False
10393,156,False
6258,66,True
9732,126,False
1479,140,False
8510,84,True
6408,180,False
8443,132,False
7136,108,True
15486,168,True
6814,150,False
8580,162,True
5730,96,False
2246,216,True
9763,84,True
3205,168,True
8163,156,True
8432,168,True
9720,156,True
11882,42,True
13780,32,False
12346,138,True
14022,33,False
12888,82,False
11679,150,True
8633,112,False
11470,108,True
2918,156,True
9589,120,True
13678,132,True
5987,168,True
6599,168,False
5180,132,True
11607,32,True
4256,160,False
2411,168,True
15100,144,False
14598,138,False
13844,120,True
7373,120,False
8454,82,False
9113,162,False
3810,156,False
7745,120,True
14456,94,False
14603,156,True
5039,132,True
2717,186,True
7548,168,True
6164,96,True
2488,138,True
5236,96,False
5653,82,False
7478,132,True
2587,186,True
6181,216,True
14227,165,True
4266,156,True
12295,168,True
2317,106,False
10681,168,True
13138,69,False
3799,168,True
14115,69,False
3641,84,True
10608,84,True
7446,106,False
6355,186,True
13671,72,True
12938,94,True
13457,150,True
5565,72,True
11471,50,False
9468,132,True
5621,84,False
13491,120,False
3341,162,False
2508,180,False
11654,126,True
14434,156,False
13206,132,False
3637,132,False
9220,138,True
3506,96,True
1732,159,False
5909,76,False
9603,72,True
2165,156,False
6428,168,True
13325,42,False
10149,144,False
6987,150,True
4218,156,False
6479,150,True
5741,120,False
2425,150,True
11788,82,False
15197,162,True
15287,106,False
3550,120,True
8036,150,True
14682,156,True
3516,120,False
7657,168,False
14744,165,True
1464,94,False
2510,192,True
6196,106,False
4160,168,False
12029,156,False
6206,168,True
3595,57,True
6433,156,False
4609,72,False
5117,50,False
5240,60,False
6913,159,False
10410,96,True
7133,156,False
11784,135,True
9323,50,False
13455,168,True
8768,150,True
5994,94,False
13122,132,False
9654,156,False
14591,180,False
8840,60,True
13859,96,True
9032,84,True
4142,72,True
7538,132,False
15030,69,False
8922,144,False
7694,168,True
11969,162,True
14208,180,True
3624,138,True
15453,132,False
7009,138,True
15065,120,False
13011,168,False
11124,106,False
10783,36,False
10652,162,True
3344,171,False
1576,33,False
3773,140,False
1582,72,True
15106,96,True
2988,69,False
14389,156,False
10069,82,False
13886,132,False
5900,82,False
13614,216,False
3083,150,True
10042,132,True
2797,140,False
13443,94,False
3043,156,True
12735,156,True
2758,204,True
9159,132,False
15461,84,True
14411,168,True
2469,150,True
5028,150,True
15315,168,True
8113,108,True
2427,180,False
4814,156,True
11580,82,False
5699,180,False
1782,80,True
10171,138,False
14950,156,True
14503,135,True
6706,120,True
8989,106,False
10307,162,True
2567,192,False
4050,216,True
8852,36,False
5159,144,True
11695,69,False
2938,180,True
9716,168,True
10496,88,False
13204,96,True
10016,138,True
6901,180,True
12610,156,False
9831,82,False
7214,126,False
15132,168,True
10089,168,True
6840,108,True
10052,42,False
6247,153,True
14919,186,True
6137,132,False
14693,150,True
11704,132,False
5698,48,False
14205,162,True
2772,162,True
8574,120,False
14445,84,True
4096,168,True
3572,174,True
3532,132,False
11826,126,False
3053,152,True
14697,156,True
8117,132,False
7361,144,False
2526,106,False
5293,132,False
6190,126,False
12955,120,True
12574,120,False
6523,132,False
15432,126,False
5510,174,True
13174,54,True
7576,120,False
2506,180,False
7394,168,True
1540,132,True
5148,144,False
12206,156,True
12743,174,True
15426,156,True
1879,130,True
4921,96,True
13062,162,False
6414,150,True
2862,180,False
14938,162,False
5366,16,True
6453,42,True
7791,108,True
14968,84,True
9401,132,False
15140,60,False
4729,132,False
7385,82,False
11053,82,False
1607,162,True
13873,156,True
7467,120,True
15316,168,True
2151,144,False
10974,36,False
11051,132,True
5747,18,True
12100,36,False
5410,144,False
5287,168,True
6307,132,False
5373,156,False
11527,132,False
12093,144,False
10833,78,True
10556,138,True
8429,180,True
11987,72,True
2585,24,False
10691,120,False
10221,144,False
6119,156,True
6067,204,True
7718,132,False
13279,69,False
4742,192,True
3639,150,False
9689,78,True
13360,156,False
2123,214,True
14960,94,False
11298,138,True
7921,150,True
6557,132,True
11215,94,False
7617,100,False
11937,120,False
9149,57,True
2328,168,True
7871,84,True
12905,189,True
7779,84,True
15116,168,True
5938,94,False
5501,84,False
12043,204,True
3054,156,True
5297,84,False
10490,72,True
8887,106,False
14396,69,False
11415,165,True
7177,126,False
6954,132,False
8199,168,True
13809,156,True
7230,84,True
2851,168,True
6311,168,True
12276,36,True
2084,192,True
14216,138,True
14930,106,False
1933,189,True
8060,156,False
13248,168,True
11094,106,False
3955,108,True
12386,150,True
2556,150,True
6492,66,True
6661,106,False
12456,144,False
6340,96,False
7995,94,False
13778,138,True
10299,82,False
14911,69,False
14292,82,False
8597,138,True
5862,144,False
1901,162,True
13717,132,False
2813,120,False
4047,87,True
3634,132,False
10186,10,True
14477,156,True
12355,138,True
11594,165,True
12500,156,False
12118,60,True
8797,174,True
13476,156,True
5161,132,False
4184,204,True
8892,132,True
5186,144,True
7242,168,True
10801,186,True
3524,132,False
10368,60,True
13414,108,True
4971,96,False
6539,138,True
2627,180,True
7309,156,True
9808,88,False
11405,132,False
8394,168,True
9653,162,True
10710,144,False
7490,84,True
3150,120,False
13697,162,True
8336,72,True
10615,72,True
6792,132,True
8431,69,False
4771,84,True
4303,162,False
9985,30,False
13518,54,False
10802,192,True
10184,156,False
14488,60,False
10953,108,True
3855,51,True
6342,114,True
10932,156,True
2645,162,False
1589,192,True
8089,162,True
5528,132,False
11084,144,False
3076,138,True
1478,162,False
7590,168,True
14921,138,True
5713,174,True
8348,94,False
8208,132,False
14423,180,True
1815,69,False
13031,150,True
10685,69,False
14819,156,True
2768,180,True
3543,162,True
14107,156,True
3577,96,True
6862,168,True
11758,132,False
13966,94,False
10704,114,True
9484,94,False
7618,156,True
7243,108,True
13467,156,True
8743,82,False
12396,102,True
6454,168,False
5248,100,False
3307,156,True
6937,150,True
14063,132,False
13278,156,True
15367,24,True
9083,180,True
10705,108,True
4983,84,True
1441,42,False
4796,153,True
6150,82,False
8057,106,False
5671,156,True
13532,132,False
8028,84,True
5917,69,False
12846,132,False
2409,168,False
14742,64,False
1470,120,False
8213,106,False
3364,156,True
5160,132,False
6363,94,False
5798,150,False
4239,88,False
3293,174,True
7015,72,True
15207,138,True
7820,150,True
5664,168,True
2872,132,True
13521,162,True
4327,120,False
1763,100,False
3622,108,True
11800,162,True
14375,132,False
12385,168,True
12706,94,False
7593,24,False
11196,156,False
2529,168,True
3209,216,True
7438,168,True
7731,36,False
5174,144,True
1783,21,True
13497,144,False
8848,67,False
12382,94,False
15299,60,True
2591,186,True
6464,168,True
11211,168,True
6000,50,False
1448,50,False
12312,108,True
3138,162,True
2318,106,True
2780,94,False
13056,60,True
11549,156,True
6315,96,True
4614,144,False
5181,168,True
7460,156,False
6851,150,True
9958,168,True
5021,159,True
7612,126,False
5742,156,True
4691,84,False
7316,120,False
13817,72,True
1588,82,False
2157,72,True
11734,108,True
5271,96,False
5247,156,False
4090,96,True
14923,84,True
7189,66,True
14932,138,True
5910,156,False
14277,108,True
9043,150,True
3024,156,True
11132,162,True
11808,132,True
6725,120,False
8179,88,False
10532,186,True
12010,150,True
1955,106,False
6269,150,True
6528,132,True
8360,120,False
14055,156,True
4883,48,False
12741,69,False
5379,180,True
8278,108,True
5103,162,True
5726,84,False
11491,132,False
5864,162,True
12907,156,False
15449,120,False
3473,210,True
4641,96,False
12211,156,True
11701,106,False
5003,132,True
2101,76,True
3783,144,False
4805,144,True
7423,144,False
11836,88,False
14471,120,True
7732,156,True
8687,132,True
5339,162,False
13073,82,False
6011,132,False
3736,100,False
7108,132,False
9294,36,False
2739,144,False
9274,108,True
15097,120,False
8915,156,True
11721,94,False
8632,162,False
11877,168,False
13869,94,False
15398,82,False
7951,108,True
3753,150,False
5691,72,True
11516,106,False
7842,120,False
14084,156,True
3405,189,True
15565,132,False
13652,94,False
1599,42,False
10181,150,True
13503,82,False
14728,54,True
7811,120,False
8803,132,True
7182,106,False
13193,138,True
11393,78,False
7434,138,True
12249,162,True
14076,156,True
1818,204,True
12818,132,True
2841,108,True
5279,120,False
7713,168,True
12682,120,True
8388,82,False
6718,150,True
14969,94,False
5941,69,False
8565,138,True
8581,132,True
7260,126,False
3748,162,False
13843,82,False
11019,144,False
5313,132,True
7312,78,True
11436,84,True
9106,126,False
13743,180,False
3020,15,False
3662,144,False
5457,144,False
2129,156,True
11643,120,False
7183,48,True
3838,126,False
1549,135,True
15502,132,False
13918,138,True
12746,156,False
9279,50,False
6710,72,True
11383,45,False
13270,144,True
4134,96,True
12975,120,False
7216,132,False
7229,144,True
11158,82,False
8900,180,True
11347,132,False
14098,138,False
2478,180,False
4001,132,False
2511,144,True
10495,114,True
14840,150,False
5458,186,True
6751,180,True
2240,60,True
8805,162,True
6638,106,False
3602,154,True
3234,156,False
8857,144,False
6043,168,True
6084,84,True
6127,132,False
5404,168,True
10077,72,True
13825,132,False
10434,126,True
5326,96,False
4750,96,False
9886,94,False
7526,132,False
7880,84,True
2383,168,True
12521,144,False
3893,132,False
14238,94,False
4262,153,True
5711,174,True
4782,88,False
13203,156,True
1691,153,False
4859,156,False
7808,153,True
8014,132,False
5189,162,True
13240,168,True
13612,96,True
10869,168,True
15018,162,False
5960,60,True
14644,82,False
10291,60,False
11681,132,False
12553,162,True
8042,150,True
13611,132,False
8520,138,True
11328,15,False
10150,144,False
3171,138,True
13937,150,True
6113,94,False
13725,168,False
4660,156,True
3451,162,False
4899,60,False
5596,84,True
2877,150,True
9806,39,True
8494,120,False
4286,75,False
2138,168,True
12548,174,True
2304,106,False
3256,94,False
10106,162,True
11220,106,False
9791,132,False
10079,138,True
10399,60,False
7507,102,True
12232,156,True
13158,132,True
11587,106,False
1658,94,False
15298,204,True
4953,132,True
8732,204,False
3833,192,True
3460,125,False
5141,42,True
13607,156,True
11414,192,False
10021,162,True
4114,156,True
6160,72,False
12889,168,True
9182,24,True
9702,156,False
8532,132,True
6544,156,False
6051,162,True
15170,168,False
3030,120,True
11390,69,False
11628,204,True
2572,54,True
10183,162,False
5283,156,True
5791,165,True
12021,138,True
7374,180,True
8344,132,False
10452,120,False
7659,106,False
5639,204,True
6351,162,True
5983,54,True
10405,120,False
8147,120,False
15104,18,False
11944,162,False
7785,168,False
3670,192,True
1940,150,True
5386,24,False
2562,168,False
3786,120,True
8516,94,False
1518,13,True
4740,72,True
5961,48,True
10440,72,True
14729,94,False
1711,55,False
3899,216,True
11802,108,True
3104,51,True
8533,84,True
10568,156,True
7669,82,False
13609,72,True
10701,144,False
1551,106,False
1753,96,True
14178,94,False
13009,198,True
3426,162,True
5137,156,True
8787,72,True
13974,24,False
7937,60,False
8833,180,False
13352,94,False
5347,72,False
14110,168,True
7028,150,True
10825,162,False
11552,120,False
3085,128,False
10767,132,False
9548,108,True
7404,150,True
6598,126,True
9183,216,True
6159,138,False
8867,94,False
6482,180,False
4719,96,False
3272,66,True
13852,72,True
14415,82,False
8827,168,True
11718,120,False
2621,180,False
7697,120,False
14939,108,True
8502,162,True
2568,168,False
8727,106,False
7622,168,False
7026,120,False
9592,150,True
3485,88,False
1829,156,True
6978,150,False
6893,132,True
3995,144,True
9367,156,True
5598,156,True
2485,82,False
2354,180,False
1926,156,False
8478,82,False
13342,168,True
4839,156,True
10714,100,False
9876,168,False
10302,150,True
3145,36,False
2505,18,True
2697,42,True
8774,204,True
4711,108,True
12125,82,False
9139,144,True
7386,150,True
5207,132,False
10600,120,False
13556,106,False
8742,84,True
11099,64,False
13331,168,True
12669,138,True
8634,180,False
15249,204,True
14494,69,False
13669,162,True
12202,156,False
11075,42,False
10673,144,False
2948,156,False
7025,94,False
1570,150,False
4318,156,True
14131,96,True
9545,39,False
15561,144,False
12153,106,False
15397,150,True
11175,50,False
10426,120,True
5280,156,False
12831,69,False
2936,120,False
14499,82,False
10573,60,False
7609,144,True
10102,168,True
1785,94,False
1501,21,False
5177,144,True
7259,84,True
5233,120,False
1887,132,True
13646,78,True
12778,120,False
12344,132,False
6812,135,True
3793,170,True
10465,168,True
6006,156,False
11351,165,True
3064,162,True
2131,120,False
12545,156,True
5780,108,True
6086,204,False
9571,120,True
6328,132,True
8930,108,True
12509,144,False
1971,24,False
8677,72,True
12116,168,True
6014,96,True
4706,120,False
2662,125,False
1957,150,False
1512,21,False
2387,168,True
4781,168,True
2088,150,True
15146,120,True
8235,120,False
11942,180,True
8192,126,False
14663,132,False
13969,168,True
1694,132,False
10250,120,True
5128,180,False
12989,82,False
4147,180,True
14640,90,True
11786,132,False
15508,82,False
7963,69,False
13898,138,True
10036,113,False
11024,120,True
3461,150,False
8358,138,True
2946,162,False
4832,156,False
8341,132,False
7209,144,False
9707,150,True
7296,168,True
7915,120,True
5840,180,True
4585,36,False
9185,156,True
13546,168,True
1463,120,False
13930,138,True
13983,156,False
5488,94,False
5559,144,True
9852,132,True
10636,150,True
12012,60,True
14416,60,True
14038,204,True
14171,132,True
4758,138,False
8518,64,False
9945,168,False
9403,162,False
13856,132,False
5187,18,True
9371,150,True
15052,132,False
6266,96,True
15606,113,False
14265,162,True
9316,138,True
8069,138,True
11291,108,True
7022,82,False
11938,132,False
10793,69,False
8114,108,True
8309,132,False
7087,82,False
4290,132,False
8539,186,True
7036,24,True
13309,168,True
9991,156,True
10725,150,True
3361,106,False
1909,84,True
6405,150,True
5168,144,False
8106,132,True
11108,150,True
14839,156,True
8814,132,True
3735,54,True
5092,132,False
11748,168,True
4357,162,True
3687,60,True
14953,156,True
14340,84,True
6875,132,True
10542,45,True
6602,132,True
10881,96,True
1965,162,True
8884,106,False
9472,162,True
6136,165,False
11644,82,False
1517,138,True
10529,156,True
4093,144,False
7862,132,True
15327,36,True
6772,94,False
4587,180,True
9100,162,True
5795,162,True
3904,60,True
7561,156,False
2221,144,False
11848,94,False
6306,114,True
15340,132,True
6753,180,False
8219,156,True
1419,126,True
10411,60,True
12578,96,True
2753,60,False
12354,114,True
13080,126,True
10054,180,False
14377,106,False
9960,132,False
2097,69,True
3805,120,True
12502,162,True
4802,120,False
6288,150,True
14552,162,False
9954,168,True
1690,126,False
11941,150,True
7852,54,True
13305,216,False
5371,72,False
9394,120,True
5589,156,True
3743,120,False
7110,15,True
12539,120,True
8423,100,False
11735,82,False
6002,150,True
3232,174,True
10224,24,False
15608,55,False
13901,162,True
7047,94,False
11475,144,True
9385,162,True
3439,58,True
7393,186,True
3061,30,False
13638,144,False
3334,162,False
13416,108,True
9481,156,True
4236,162,True
15323,90,True
15272,96,True
3756,36,False
9488,106,False
14568,132,True
5551,180,True
1641,106,False
2637,204,True
10030,60,False
6736,150,False
15115,72,True
3824,156,True
5478,132,True
11170,156,True
3576,192,True
7619,204,True
12540,156,True
5832,168,True
12565,156,True
4904,90,True
4227,204,False
9199,84,True
9928,42,True
5089,94,False
11803,162,True
12722,150,True
5242,132,False
13373,60,True
3877,126,False
9740,114,True
4113,138,True
14191,106,False
7511,156,True
3929,84,True
6789,216,True
5214,72,False
1868,147,True
8066,69,False
5227,84,False
4149,144,False
3839,144,False
9817,96,True
3791,120,True
13218,72,True
10837,156,True
12721,94,False
1646,108,True
13802,106,False
15039,94,False
14869,162,True
13575,144,False
13921,168,True
6343,198,False
5821,138,True
12819,36,False
3173,124,True
10328,204,True
14711,82,False
13865,150,True
5774,60,True
12665,94,False
10145,144,False
11763,156,True
2053,132,True
5652,96,False
3124,162,True
13450,72,True
6354,84,True
10373,100,False
10280,168,True
12581,96,True
5577,88,False
4099,189,True
7082,132,False
11634,82,False
11918,120,True
8928,162,True
13328,168,True
14553,144,False
8171,156,True
3560,106,False
3055,30,False
8224,156,True
2355,180,False
12080,84,True
4170,180,True
4716,132,False
7262,96,True
14515,132,False
11209,144,False
11797,42,True
8984,82,False
3299,156,False
5149,36,False
5888,156,False
13049,156,True
9742,204,True
3331,183,True
7978,162,True
12327,100,False
14462,156,True
12981,162,True
10878,120,True
1381,82,False
14873,106,False
6587,108,True
7424,72,True
8877,94,False
8359,106,False
12052,60,True
12895,168,True
11016,168,True
6337,106,False
10699,120,False
10219,106,False
6950,126,False
10982,228,True
10674,156,False
10286,84,True
13420,162,True
5468,72,True
13600,108,True
15149,94,False
3526,156,True
9095,168,True
13306,84,True
12625,82,False
13123,96,True
10961,94,False
11160,132,True
2347,60,True
6338,150,True
8010,144,False
12133,75,False
7300,106,False
2173,192,False
2748,162,True
14425,120,True
8511,132,False
2099,156,True
11364,150,True
10581,156,False
11791,132,True
2167,166,False
10477,69,False
3401,168,True
4665,168,True
4075,120,True
10354,174,True
7965,150,True
8894,156,True
7204,168,True
15413,144,True
1798,156,True
9184,106,False
3666,144,False
13959,150,True
13681,150,True
3190,94,False
11755,96,True
10883,150,True
14446,132,False
7728,168,True
9473,120,False
13834,120,True
8925,156,True
8446,132,True
4104,114,True
13379,156,False
13582,78,True
3092,162,True
5026,90,True
4949,168,True
10536,186,True
6551,69,False
8792,138,True
13434,168,True
12649,204,True
12812,168,True
7540,132,False
4785,156,True
5439,204,True
5375,132,True
2492,120,True
12788,42,False
14874,102,True
7188,138,True
9952,162,True
4728,156,False
14149,94,False
5996,168,True
2900,82,False
6594,162,True
9896,82,False
14061,216,True
8407,120,True
2829,165,False
12943,120,False
8234,126,True
12950,120,True
14970,144,False
5199,48,True
10076,108,True
9900,120,True
9013,204,True
6346,162,True
6431,94,False
9840,156,True
2462,51,True
12930,138,True
4747,96,False
3673,180,True
7090,150,True
9076,120,False
12718,94,False
4643,120,False
7868,84,True
2299,180,True
8193,168,True
8268,82,False
2857,120,False
13070,60,False
7268,48,True
2207,120,False
7795,150,True
8610,138,True
2749,132,True
3464,180,False
10138,94,False
13729,162,True
9914,82,False
15515,168,True
13294,106,False
9661,162,False
1816,154,True
13422,94,False
14572,132,False
1459,84,False
4650,132,False
11658,150,True
5680,168,True
11652,69,False
14759,138,True
8087,132,True
15086,162,True
2258,165,False
13622,120,False
10262,204,True
7663,192,True
9377,126,False
9663,108,True
10210,162,True
6365,94,False
11854,168,True
10033,60,False
7274,72,True
7363,114,True
8037,150,True
13209,120,False
5676,144,False
9944,144,False
8412,94,False
8270,132,False
13232,94,False
7611,132,True
9812,84,True
13798,50,False
4351,144,False
11459,180,True
13595,108,True
12532,94,False
11086,94,False
2518,82,False
11812,60,False
6481,138,True
6434,126,False
12869,174,True
12109,168,True
9024,60,True
11029,54,True
12692,156,False
7959,60,False
8618,138,False
8705,162,True
3663,156,True
12732,60,False
9317,228,True
11526,153,True
9795,150,False
6064,96,True
3772,156,False
2368,162,False
14436,138,True
2827,156,False
12394,162,False
14102,120,False
3316,162,True
3782,120,False
10962,120,False
8841,156,True
10319,144,False
13480,102,True
5640,120,True
9432,96,True
8375,168,True
10168,144,True
8881,144,False
14458,120,False
15242,150,True
1435,180,True
10896,156,False
3252,204,True
3754,132,True
8081,156,True
11629,150,True
9649,24,True
10276,204,True
15356,120,False
9805,216,True
9681,180,True
2537,94,False
12736,180,True
10841,36,False
6572,156,False
5261,72,False
5400,144,True
14270,132,False
14534,108,True
1650,88,False
12489,150,True
1625,126,False
4620,144,True
8125,156,True
10651,84,True
9420,18,False
11105,180,True
1642,120,False
9425,106,False
9224,96,True
5193,60,False
4722,180,True
11245,156,True
9127,150,True
14796,144,False
1892,78,True
10257,168,False
14870,138,True
13160,156,True
1437,136,False
9444,144,False
13732,132,False
9648,156,True
6332,162,True
2414,36,True
13336,132,False
9288,168,True
9543,198,True
14865,94,False
1916,168,True
7809,106,False
7165,162,True
9851,84,True
11314,132,False
4208,168,False
6646,84,True
11343,156,False
6581,69,False
14280,69,False
14154,144,False
12453,132,True
15218,60,True
5792,165,False
3144,114,True
8782,94,False
7993,162,False
2616,120,False
4678,132,False
2456,180,False
3515,180,False
6039,144,False
15016,132,False
4668,120,False
14770,180,True
11920,150,True
12941,36,True
10459,82,False
11977,168,True
9228,180,True
10692,156,True
2560,132,True
14605,120,False
8627,36,False
5030,84,False
9173,144,False
9602,150,False
13187,138,False
7124,168,True
12935,162,True
10081,138,True
8711,82,False
1515,106,False
7482,156,True
2116,162,True
7904,156,False
15501,60,False
3821,84,True
6132,132,True
4176,138,True
6236,162,True
5007,120,True
13641,96,True
12503,168,True
14777,94,False
11873,156,True
6199,114,True
6024,42,True
3080,174,True
10873,168,False
4043,184,True
8188,162,False
8002,82,False
8053,94,False
6871,150,True
7295,96,True
8161,156,False
8109,96,True
13704,144,False
14916,162,True
13368,82,False
4969,113,False
14439,162,True
13369,138,True
13716,150,False
11729,69,False
12371,162,True
6867,69,False
4786,156,True
9811,120,False
10351,94,False
14585,132,True
7390,138,True
14861,150,True
1755,120,False
12073,174,True
11719,168,True
12927,69,False
15035,204,True
2390,156,True
12027,30,True
10371,120,False
11833,100,False
2204,96,True
3894,159,False
10915,156,True
6880,72,True
13702,120,True
3726,162,False
3864,106,False
7595,114,True
15108,106,False
14392,106,False
5867,90,True
13060,132,False
9168,132,False
14117,82,False
5323,132,True
4902,84,False
2703,156,True
2991,132,True
13064,156,True
9745,96,True
13300,150,True
12168,150,True
8501,72,True
13466,168,True
2698,144,False
3476,132,False
5659,132,True
6443,84,True
1826,24,False
6953,162,True
7946,90,True
12980,144,False
13431,132,False
2444,156,True
3167,156,True
2254,168,True
14909,132,False
15310,162,False
3075,94,False
1555,42,True
3268,204,True
5456,156,True
9315,132,True
7052,180,True
6631,120,True
15440,72,True
1983,150,True
6372,132,False
2660,180,False
3310,174,True
4687,132,False
11020,162,True
14369,162,True
8617,114,True
10791,156,True
10635,132,True
9110,174,True
3916,120,False
1405,120,False
10006,82,False
7019,72,True
6320,72,True
12038,69,False
6995,138,True
12855,150,True
10356,126,True
5714,120,True
1639,132,False
10911,106,False
4749,144,True
9120,82,False
1407,30,False
12720,150,False
6406,150,True
8822,156,True
2309,180,False
7364,132,False
12192,114,True
9917,156,True
11686,84,True
2929,192,True
6996,162,True
10585,138,True
11445,150,False
8223,106,False
8992,156,True
1864,82,False
13078,108,True
15251,69,False
9466,150,True
10952,82,False
4736,96,False
6800,138,True
2750,204,True
8512,106,False
9724,180,False
6589,168,True
14795,150,True
5171,162,False
11317,66,True
14487,108,True
2430,168,False
4189,50,False
4332,45,True
7773,82,False
7376,106,False
9935,132,False
8749,120,False
8562,156,True
9090,144,False
8560,168,True
7591,156,False
9786,156,True
12840,153,True
6991,150,True
7894,108,True
9756,120,False
3901,150,True
6403,72,True
15278,102,True
12607,150,True
13698,54,True
8916,72,True
13091,156,True
3820,36,True
1889,156,True
12774,150,True
6600,144,False
7122,150,False
1819,144,False
12878,138,True
3446,144,False
13167,96,True
10709,138,True
14222,216,False
14917,106,False
11212,162,False
6157,150,False
12906,132,False
9594,72,True
14035,168,True
13895,132,True
9266,84,True
13714,168,True
3936,183,True
5718,144,True
9087,72,True
8221,168,True
2249,165,True
15220,82,False
11825,120,False
5219,156,False
7910,54,True
15330,192,True
10814,48,True
12247,138,False
5606,120,True
3095,108,True
2071,180,False
3202,60,True
14615,132,False
12007,156,True
6383,162,True
2003,108,True
6675,192,False
9264,168,True
13055,60,False
13934,168,True
1993,144,False
11765,120,False
11612,51,True
3681,36,False
9089,156,True
9020,120,True
7710,156,False
6462,180,True
10387,84,True
11331,106,False
11517,94,False
15007,114,True
12794,216,True
14671,168,True
8736,150,True
13050,106,False
4045,72,True
13489,94,False
9429,150,True
6879,108,True
8986,106,False
12639,132,False
13162,162,True
7930,120,True
11915,168,True
3420,192,True
8754,138,False
12174,69,False
9115,94,False
8504,150,True
15540,84,True
9965,150,True
7345,156,False
8184,135,True
9802,120,True
5972,48,True
14895,132,False
9461,132,False
14652,96,True
3561,162,True
2520,150,False
13444,168,True
2926,150,False
7625,55,False
14267,168,True
12098,150,True
4730,156,False
5776,156,True
13401,138,True
4575,156,False
11851,150,True
6966,168,True
11889,156,False
12402,132,True
4595,76,False
2265,126,False
3003,126,False
6951,144,False
7348,120,True
3031,60,False
13148,82,False
12217,69,False
9819,60,False
4029,156,True
15337,162,False
11064,144,False
9713,90,True
4246,168,True
14670,120,True
3983,18,True
8972,106,False
11538,32,True
8643,156,True
1806,94,False
5170,126,True
10525,100,False
11309,150,True
3729,212,True
10492,106,False
7578,204,True
8141,144,False
7621,156,False
13597,150,True
3645,108,True
9428,94,False
12409,106,False
9454,120,False
12383,204,False
15312,120,True
13590,84,True
7426,108,True
13849,106,False
6400,106,False
10638,180,True
11318,138,True
2885,150,False
2514,150,True
9324,168,False
8254,120,True
7016,132,False
3166,106,False
5636,108,True
10818,106,False
8709,106,False
3522,165,True
4310,60,True
4944,168,True
11244,114,False
12267,150,True
2396,132,False
8168,156,False
8481,106,False
9467,54,True
5731,120,False
3354,135,True
8614,108,True
13338,132,True
15250,132,False
5198,106,False
7960,156,False
10570,94,False
10545,84,True
12329,75,False
13292,150,True
4688,156,False
4329,180,True
6886,42,True
8876,156,True
6295,132,False
3674,138,True
7171,108,True
12311,114,True
5710,156,True
10258,82,False
14172,82,False
4713,132,False
7651,162,True
2895,120,True
15364,82,False
11059,144,False
9943,60,True
9735,114,True
9505,60,False
5981,84,True
2674,180,False
6707,144,False
13906,162,False
3600,162,True
10919,96,True
12757,162,False
5876,180,False
14156,138,True
11416,32,True
7931,150,True
6833,106,False
6077,50,False
2907,162,True
5497,120,False
2308,168,False
9859,69,False
12572,156,True
13412,30,False
1477,138,True
5856,120,False
2987,150,True
11840,168,True
8340,156,False
8452,132,True
8350,106,False
2004,168,True
5719,156,True
7011,204,True
11316,82,False
11912,156,True
9566,183,True
7917,94,False
2997,180,True
6861,69,False
14442,168,True
8189,100,False
13564,132,True
10067,24,False
13346,94,False
13184,168,True
2130,150,True
15597,192,True
1838,66,True
7541,186,True
3702,168,True
14979,138,True
4166,24,True
15001,156,False
7893,24,True
1952,174,True
15092,69,False
9578,156,True
2802,108,True
10396,106,False
10494,156,True
13651,156,False
1378,12,False
6916,150,True
9568,162,True
13599,180,True
7840,18,True
10707,153,True
14092,60,True
10537,150,True
7222,156,False
2351,144,False
12087,156,False
13618,60,False
4205,132,True
10895,96,True
7678,120,False
11466,156,True
12237,162,True
12627,90,True
5151,168,True
4626,120,False
10408,150,True
10383,162,True
9758,36,True
5427,144,False
2364,132,True
9625,162,True
5545,96,False
7235,120,True
5991,50,False
8048,132,True
5472,156,True
1433,24,False
10200,132,True
13245,60,False
2398,94,False
14162,120,False
13502,132,True
4937,132,False
10248,120,True
8138,82,False
7757,132,False
12972,72,True
13131,180,True
10742,144,False
7322,162,False
14680,162,False
8758,138,True
7346,135,True
5403,144,False
10623,94,False
9635,106,False
11117,180,True
3270,82,False
10374,168,True
12105,94,False
4889,96,False
2111,162,True
13566,94,False
13313,82,False
4221,156,False
8247,114,True
15407,156,True
12123,156,True
6825,72,True
12585,113,False
10813,94,False
5019,180,False
7366,120,False
8604,126,True
8831,156,True
11143,120,False
15587,50,False
5806,138,False
5362,156,False
11707,120,True
6715,114,True
9464,192,True
6648,162,True
13202,60,True
7439,156,True
9613,45,True
7277,94,False
15482,106,False
9374,156,True
11991,106,False
2617,156,False
2707,82,False
12431,153,True
14050,50,False
3113,156,False
8967,96,True
14409,180,True
15574,156,True
12198,144,True
10479,150,True
8543,144,False
5259,120,False
8868,156,True
11400,96,True
6527,96,True
7395,132,False
14164,106,False
5818,120,True
14198,106,False
5586,114,True
6218,174,True
7058,120,False
1918,120,False
2921,198,True
11697,120,False
15314,106,False
2286,192,True
15263,94,False
7118,156,True
9018,168,False
5425,72,False
12536,138,True
13767,147,False
12067,132,False
1741,168,False
8331,138,True
12647,204,True
8327,94,False
5068,132,False
2470,162,True
1845,118,False
13689,106,False
3712,106,False
3013,168,True
11560,168,True
4999,84,False
2133,15,True
10501,69,False
9440,162,True
4610,120,False
10205,180,False
7741,78,True
8598,138,True
11005,156,True
6612,69,False
9503,72,True
15452,132,True
4326,150,True
12711,156,True
3434,168,True
15444,120,False
4639,204,True
7655,150,True
8538,106,False
2060,84,False
14157,106,False
9380,108,True
8587,144,False
15472,186,True
3093,120,True
13782,180,True
6233,156,True
11252,198,True
11219,82,False
15458,132,False
14794,156,False
8449,96,True
3169,120,True
14209,120,True
14482,120,False
10155,132,True
10487,132,False
14231,96,True
2605,144,True
7762,132,False
6674,150,True
3851,120,True
5574,96,True
14642,156,True
6794,126,False
9510,153,True
9922,60,True
13828,138,True
4775,144,False
8592,168,True
11495,156,True
13677,138,True
2912,132,False
4682,168,True
10539,156,True
13016,132,True
5863,144,False
7379,144,False
7802,132,False
10073,82,False
3478,162,False
7608,144,False
10011,168,True
7923,156,True
13910,96,True
2781,162,True
10949,180,True
5383,132,False
8175,162,True
1649,156,True
9172,156,True
2832,144,False
6981,120,True
8091,135,True
7650,162,True
12075,60,False
7632,120,True
14902,150,True
1461,96,True
14353,60,False
13968,162,True
9267,156,True
13740,108,True
12017,168,True
8528,150,True
11785,144,False
15271,132,False
13312,162,True
2282,120,True
12227,82,False
5316,60,False
2927,150,True
7750,144,False
1725,126,False
11624,108,True
10535,174,True
6921,138,True
10378,96,True
3475,24,True
8531,144,False
3781,120,False
5828,144,False
2373,156,False
12635,106,False
5716,84,False
12169,84,True
9846,162,True
6617,30,False
3553,132,False
13956,84,True
7324,192,False
12028,106,False
8988,132,False
6785,120,True
2496,168,True
8402,156,False
10017,82,False
11590,82,False
4642,156,True
5487,165,True
14862,144,True
5514,125,False
13137,132,False
4230,144,False
11510,96,True
8904,156,False
8215,132,True
4004,180,False
8669,94,False
1580,132,False
15269,156,False
7983,114,True
5101,88,False
14009,120,True
15231,162,True
13007,108,True
6162,162,True
3803,180,False
7040,156,True
1574,132,True
2148,140,False
1608,159,False
1873,128,True
14066,96,True
9486,102,True
14483,94,False
12114,198,True
14214,102,True
11909,150,True
6058,48,True
13963,108,True
14339,180,False
15273,150,True
10071,60,True
5040,156,False
14144,138,True
10414,132,False
8947,120,False
3943,150,True
11958,162,True
3189,204,True
15222,120,True
1543,150,True
6532,174,True
3664,156,True
13507,162,True
12990,120,False
11901,108,True
12053,126,True
8186,132,True
10048,150,True
13376,120,True
14666,132,True
9646,94,False
9058,204,True
12617,69,True
14054,192,True
8685,54,True
14904,82,False
7116,156,False
13838,132,False
10217,132,False
13589,94,False
12041,159,True
14557,120,True
15361,72,True
13048,82,False
8652,162,True
12923,150,True
7986,144,False
7135,168,True
5754,174,True
7969,132,False
2141,150,True
10831,138,True
11455,120,False
7673,132,True
4721,132,False
4115,144,False
13272,132,False
13907,102,True
5303,72,True
8430,108,True
4901,120,True
12619,106,False
2073,94,False
12182,132,False
13515,94,False
14710,159,False
13883,156,True
5453,156,True
5951,156,True
11935,120,False
5595,60,False
1996,72,True
6839,106,False
3680,42,False
9239,162,True
6427,138,True
9162,60,True
5955,82,False
7624,94,False
10001,168,True
1536,82,False
11134,106,False
8288,82,False
6339,69,False
13878,94,False
14475,156,True
6566,162,True
13438,162,True
12538,120,False
2417,156,True
4321,144,False
12449,113,False
7974,94,False
8077,150,True
7967,165,True
7647,42,True
6171,144,False
13835,150,True
12760,50,False
13923,75,False
2738,156,False
4312,204,False
1636,120,False
15516,156,True
11168,108,True
3072,162,False
14075,94,False
2903,186,True
11662,76,False
2963,120,False
14031,180,False
14454,60,False
15005,120,False
1617,192,False
2394,94,False
12595,144,False
10717,138,True
6147,138,True
12672,94,False
6491,144,False
8664,192,True
14261,144,False
11386,162,False
4931,156,False
15569,162,True
13199,120,False
14847,162,True
5243,144,True
3193,168,True
6476,94,False
6292,50,False
4869,138,False
6166,168,True
12292,50,False
11267,144,False
11850,162,True
1937,88,False
6702,162,True
7380,156,True
3870,150,True
12320,186,True
6898,120,True
2961,120,False
8463,132,False
4271,132,True
3976,106,False
6144,150,True
7712,60,True
15360,72,True
3468,124,True
2776,180,True
5291,132,False
9436,180,True
15067,108,True
4320,162,False
4116,120,True
12881,204,True
11139,82,False
9524,72,True
11591,126,True
4675,204,True
15237,94,False
7509,144,False
14818,168,True
12563,150,True
7747,96,True
8399,84,False
7532,132,False
13249,186,True
10342,126,False
4894,162,True
5823,150,True
8835,165,False
11036,54,True
8605,100,False
15164,60,False
12918,144,False
10754,132,False
4580,168,True
4686,72,False
5480,84,False
13463,180,False
12000,168,True
13867,94,False
9447,138,True
9082,144,False
7239,94,False
13106,106,False
13579,162,True
3580,120,True
14654,162,False
14720,150,True
14497,180,False
11411,132,True
8088,48,True
12945,138,True
13964,198,True
4982,156,False
9542,120,True
8299,132,True
15214,168,True
10589,138,True
12880,150,True
10588,54,True
6536,106,False
13228,94,False
3653,162,False
14592,150,True
13426,144,False
15212,156,True
10136,144,False
7670,138,True
11971,106,False
5709,168,True
6331,113,False
6309,60,True
15073,138,True
5926,96,True
6748,156,False
3285,192,False
9688,144,False
2479,180,False
12351,84,True
12763,132,False
10903,94,False
5062,120,True
6515,24,True
14004,150,True
9967,120,False
10085,120,False
3924,120,False
5875,120,False
2452,151,True
3172,82,False
14145,120,False
5471,168,True
5430,96,False
6425,84,True
10965,82,False
9325,156,True
15483,100,False
9236,82,False
10722,132,False
9723,132,False
1412,156,False
5354,120,False
10039,96,True
6163,168,False
14934,156,True
11458,159,False
3706,192,True
11752,150,False
1394,57,True
14541,94,False
10644,138,False
6582,108,True
15060,96,True
6714,108,True
12501,108,True
9712,162,True
13631,120,False
14332,60,True
6203,66,True
5872,156,True
2449,180,False
6554,94,False
12330,132,False
7256,120,False
15573,120,False
13588,108,True
5504,144,False
14294,82,False
6663,48,True
7471,72,True
13023,156,False
5744,168,True
14480,138,True
10246,108,True
7717,138,False
13133,162,True
6192,168,True
14298,162,False
8509,156,False
4692,72,False
3558,138,True
7787,192,True
14982,180,False
11102,120,False
8905,120,False
2301,180,True
2432,180,False
3308,168,True
6728,156,False
10721,168,True
8948,156,False
4164,168,True
7843,84,True
14586,108,True
6781,204,True
12892,60,False
10037,94,False
15525,168,True
11021,156,False
12397,94,False
12795,106,False
6301,69,False
11772,204,True
6226,100,False
7592,168,False
3449,18,True
14778,66,True
6887,162,True
5111,174,True
6458,138,True
9042,144,False
6066,204,True
12205,106,False
12358,180,True
7248,168,False
7067,48,True
15387,150,True
7325,138,True
12546,138,True
1469,106,False
11665,120,False
1504,69,False
12210,82,False
6451,156,True
6963,132,False
12436,72,True
3875,216,True
7536,138,False
8433,132,False
5604,120,False
3657,150,True
13110,120,True
2732,186,True
2574,180,False
15469,82,False
4074,168,True
5929,96,True
12216,132,False
6684,162,True
9299,156,False
9156,150,True
11352,106,False
12870,101,False
6560,82,False
9784,132,False
7766,126,False
12188,180,False
12728,106,False
2166,162,True
13083,120,False
4049,52,True
5043,180,True
5753,30,False
3849,150,False
2876,120,True
7962,162,True
12886,150,True
14907,120,False
8137,96,True
14511,168,False
6371,168,True
7018,150,True
5984,156,True
3125,120,True
3495,102,True
7210,132,True
11672,106,False
7452,108,True
4689,106,False
11545,132,True
2599,186,True
3813,132,True
13021,162,True
2102,54,True
9540,120,False
5887,162,True
10313,156,True
12470,72,True
5877,94,False
14421,82,False
13418,72,True
3435,42,True
9969,106,False
1404,159,False
6620,144,False
11273,150,True
2269,144,False
9551,150,True
6783,82,False
3880,21,True
15485,150,False
10689,156,True
9528,150,True
10240,144,False
8287,82,False
2418,204,True
10466,72,True
10798,84,True
9907,126,False
14180,106,False
3607,156,True
15519,162,True
6939,156,True
10605,82,False
3557,132,True
8547,168,False
4562,156,True
8802,54,True
14669,120,False
14155,96,True
10025,168,False
3265,132,False
9923,50,False
6417,88,False
3327,120,True
13635,132,True
6026,94,False
4345,144,False
3391,144,False
12143,94,False
1728,186,False
11040,120,False
4855,144,False
8131,144,False
4111,120,True
9227,144,False
7882,132,False
7812,168,True
7643,168,True
3339,120,False
4248,72,True
10939,132,False
1647,147,True
4044,174,False
6793,132,True
11668,228,True
12764,150,True
9634,113,False
7032,96,True
12214,156,True
13734,156,True
3231,114,False
9074,72,True
4135,106,False
6526,138,True
4331,94,False
8962,168,True
1734,138,True
6059,100,False
2699,162,False
7955,162,True
8668,162,False
8086,100,False
10341,159,True
6360,106,False
11618,144,False
7249,94,False
7048,120,False
3900,212,True
12933,108,True
11548,150,True
15192,82,False
9775,60,False
11133,204,True
12226,144,False
14126,24,True
5070,36,False
2771,168,False
14781,106,False
8008,94,False
4835,72,True
2659,94,False
4881,156,True
8035,156,False
15450,126,True
3865,162,True
5859,162,True
11201,69,False
7769,42,False
10882,96,True
1627,120,True
1591,156,True
2865,150,True
9457,70,False
6219,106,False
4603,132,False
9957,156,True
8323,192,False
10868,162,True
4078,100,True
3097,150,True
3447,125,False
3544,156,True
4301,54,True
13128,156,True
12998,162,True
10970,96,True
8174,120,False
6533,120,True
6762,69,False
12484,48,True
3185,168,True
9130,186,True
7999,90,True
5281,108,True
14443,112,False
4083,180,False
9990,72,True
6070,150,True
8970,132,False
11038,106,False
13752,162,True
7442,106,False
11736,94,False
7980,162,True
1907,88,False
11853,162,True
7922,192,True
12791,156,False
5060,96,False
14676,69,False
8801,132,True
2272,162,False
8156,72,True
13214,144,False
14352,120,False
8129,192,True
2881,186,True
11790,162,False
15015,204,True
10267,120,False
11430,144,False
5206,120,True
7924,120,False
2666,168,True
12507,150,True
1961,168,True
12286,94,False
5557,132,False
14197,94,False
3257,156,True
12054,168,True
9040,94,False
7255,138,True
4731,144,True
14991,186,True
6780,69,False
9345,156,True
9529,50,False
6626,156,True
12328,120,False
2163,100,False
8524,106,False
8609,120,False
13024,69,False
1790,114,True
3343,156,False
4720,120,True
12841,108,True
12986,106,False
3536,106,False
9810,126,False
9598,156,True
11162,30,False
14684,36,True
1558,82,False
10690,82,False
14885,186,True
14125,132,False
6705,180,True
9339,120,False
3809,168,True
2256,132,False
9889,94,False
3598,144,True
14287,120,False
2592,204,True
14958,132,True
15118,54,True
7069,106,False
4645,156,False
13986,162,True
11126,156,False
13915,120,False
14161,96,True
15563,94,False
15581,132,False
3332,180,True
10014,120,False
7755,132,False
3412,106,False
10449,150,False
6628,132,True
6330,156,True
10713,168,True
12063,82,False
10339,162,False
9190,108,True
5789,94,False
1709,138,False
2406,150,True
1535,60,False
8413,132,False
7387,180,False
2183,106,False
7480,108,True
3212,139,True
10863,82,False
5088,120,False
3618,162,True
9121,108,True
5518,132,True
8266,156,False
6083,76,False
8933,120,True
15404,180,True
1661,120,True
1791,112,True
8280,186,True
15363,132,False
15433,126,False
3241,132,False
8954,132,False
3147,168,True
5796,144,False
14478,120,False
12802,144,False
4219,216,True
5085,156,False
8264,150,True
1635,27,False
15119,156,False
11723,132,True
4831,72,False
3487,36,False
12424,132,False
13947,69,False
2134,150,True
6193,156,True
10594,204,True
9809,132,True
1529,82,False
14468,69,False
14213,94,False
10233,204,True
1453,192,True
8771,132,True
7302,180,True
11480,69,False
10583,162,True
2385,78,False
3573,96,True
11000,126,False
3918,94,False
10823,180,True
5970,132,True
13540,96,True
14450,120,True
13574,132,True
14868,162,False
5954,168,True
10810,120,False
2887,24,True
12236,88,False
7534,174,False
5409,76,False
11637,106,False
14990,120,False
11395,82,False
1938,138,True
4304,168,True
1395,120,False
8118,168,True
11062,156,False
3878,50,False
7927,216,True
13112,156,True
5005,192,True
7166,132,False
12717,144,False
10972,36,True
4259,168,True
11142,55,False
14736,168,True
3514,132,False
7839,156,True
10764,150,True
5631,156,False
6025,132,False
14790,106,False
1548,156,False
12399,138,True
13178,156,True
6227,88,False
7586,156,True
15460,120,False
15422,168,True
1485,168,False
14239,132,True
6810,120,True
3846,156,True
12564,186,True
12121,138,True
14954,180,True
7518,72,True
12130,138,True
5016,165,True
10335,132,False
11892,42,False
10777,138,True
13176,82,False
12445,96,True
13520,132,True
11584,150,True
12171,132,False
13616,174,False
9538,132,False
12622,106,False
11749,132,True
10947,120,False
13957,94,False
6421,132,False
3650,144,False
3250,162,True
14672,162,False
9030,138,True
8903,120,False
5750,156,True
7569,108,True
15045,156,False
4767,126,False
11164,106,False
15412,120,False
6998,120,True
1685,149,True
6850,162,False
2027,60,True
3903,159,False
7665,168,True
12643,138,False
10322,162,True
13995,120,True
5546,96,False
5737,132,False
3655,15,False
1383,150,True
6564,114,True
2193,17,True
8946,60,False
2122,156,True
11859,94,False
8927,156,False
15599,36,True
6188,69,False
14776,60,False
4306,132,False
4079,144,False
4323,168,False
12208,132,False
3822,96,False
6629,120,False
11012,132,True
2210,150,True
2059,120,False
14809,180,True
13845,120,False
5397,132,True
9768,69,False
8913,100,False
6291,162,True
6495,132,False
3730,60,False
12804,204,False
3586,108,True
7192,186,True
7505,156,True
2692,192,True
7727,82,False
10334,156,False
3520,125,True
6883,132,False
11440,72,True
9623,96,True
1542,189,True
4840,156,True
7080,168,True
3213,156,True
3564,132,False
12959,72,True
13303,168,True
9770,94,False
2622,42,True
10331,94,False
7883,94,False
8417,168,True
10989,132,False
5687,132,True
15320,144,False
11412,150,True
4033,82,False
6010,138,True
9384,96,True
5015,120,False
8599,138,True
10998,150,False
1706,60,True
4121,32,True
1527,90,False
15198,204,True
14018,42,False
5969,150,True
1575,138,False
3651,180,False
11077,108,True
2407,150,False
11027,84,True
11233,138,True
4776,198,True
9801,144,False
7357,132,False
14177,126,False
15091,82,False
11068,132,False
14118,156,False
15004,162,True
4202,101,True
8197,204,True
12919,144,False
9931,162,True
13789,132,False
13040,72,True
13171,162,True
9167,78,True
2233,159,True
6194,168,True
9881,94,False
13657,106,False
11205,82,False
13067,72,True
10443,72,True
4819,135,True
14786,120,False
8351,114,True
13708,138,True
8303,180,True
4011,156,True
4264,150,False
9516,50,False
14850,168,True
2779,168,True
5390,156,True
5658,126,False
1417,162,True
8233,24,True
5616,96,False
13222,138,True
4698,144,True
14582,60,False
6831,106,True
5858,168,True
8796,150,True
7979,138,True
10806,156,True
10109,150,True
4087,150,True
3708,144,False
12141,82,False
2516,162,False
8276,94,False
3245,96,True
3365,120,False
2811,156,True
3766,28,True
13343,120,True
11247,24,True
10327,82,False
7696,192,True
3028,144,False
14757,94,False
13816,96,True
6915,94,False
4853,96,True
11409,132,False
11575,108,True
5314,138,False
11635,192,True
6074,162,False
6114,150,True
2600,120,False
4289,168,False
8837,144,False
14256,106,False
2710,132,True
1531,156,True
4725,156,True
7693,120,False
3135,94,False
2339,186,True
5573,93,True
1761,42,True
15244,156,True
12893,138,True
8644,108,True
1534,108,True
8735,144,False
9718,94,False
7631,132,False
10548,132,False
2336,120,True
4008,106,False
4779,156,False
3415,168,False
12666,120,False
14048,204,True
3507,120,False
8020,132,False
9728,144,False
12099,120,True
10252,94,False
1520,135,True
11979,150,False
1669,138,True
14951,54,True
10904,150,True
13663,180,True
11115,72,True
11154,150,True
13267,156,True
4995,168,False
9022,120,True
4265,132,False
6561,150,True
2958,168,True
15392,108,True
9827,156,True
13221,21,True
15025,82,False
3934,113,False
14692,186,True
9726,106,False
12001,144,False
6961,60,True
8024,168,False
11647,168,True
2757,180,False
8847,180,True
9075,108,True
14752,42,False
14985,162,True
3223,162,False
5733,96,True
13195,132,False
13848,162,False
13188,138,True
14544,132,False
1586,36,False
9544,94,False
2721,96,False
10661,156,True
15213,60,True
10716,156,False
7416,78,True
15513,150,True
2487,120,False
1883,150,True
8151,168,False
10230,156,True
6045,144,False
9717,144,True
3263,168,True
11402,69,False
13916,106,False
8728,94,False
12715,108,True
1499,106,False
2559,144,False
14708,132,False
15594,108,True
15529,150,True
11388,156,False
13749,30,False
2871,51,True
4727,132,False
15326,144,False
12520,144,False
1869,106,False
7035,82,False
3160,150,True
1968,60,True
14072,144,True
15556,192,False
11671,180,False
12485,186,True
4947,120,False
8349,186,False
13853,168,True
6660,60,False
6808,150,True
13643,150,False
7375,72,True
12203,168,True
11023,33,False
9843,168,True
5317,132,False
4175,108,True
8056,156,True
10602,138,True
6447,159,True
15109,132,True
1533,84,True
2601,94,False
1446,132,True
10874,106,False
8775,106,False
14808,156,False
3007,162,True
8757,186,True
12829,144,False
5153,96,False
9383,126,False
11453,168,True
4905,106,False
13496,88,False
5890,120,False
9196,156,True
12714,72,True
1523,84,True
6519,132,True
5494,120,False
8806,153,True
13560,138,True
9477,69,False
5235,48,True
8420,72,True
12451,216,True
8230,132,False
11897,150,True
14484,138,True
10324,114,True
1436,108,True
12591,180,True
6457,180,True
2371,168,True
9870,204,True
3459,118,True
3590,62,True
10203,132,True
9651,94,False
12384,138,True
5660,72,False
11184,120,False
11380,156,True
8819,156,True
6805,132,False
3467,132,False
11235,60,True
6484,106,False
9144,72,True
9038,120,True
7943,94,False
9850,180,False
2086,168,True
13893,216,True
8498,168,True
8838,50,False
7902,156,True
4187,156,False
2483,168,True
5075,96,False
5760,84,False
8085,42,False
2079,132,False
14581,162,False
11523,144,False
7646,82,False
13025,168,True
9435,120,True
6992,144,True
5462,72,False
3218,165,False
12555,94,False
12991,60,False
14008,82,False
5783,106,False
13464,108,True
6722,168,True
10111,204,True
12562,144,False
5569,60,False
8343,120,True
7564,82,False
10758,15,False
15353,120,False
3269,113,False
15161,156,False
7130,180,True
13854,120,False
6037,106,False
10715,82,False
10914,120,False
6068,126,False
3728,88,True
11217,168,True
2030,24,False
13808,72,True
2106,94,False
6685,162,True
5475,84,True
9021,108,True
2992,150,True
10698,94,False
8544,94,False
4788,55,False
10470,162,True
4882,132,True
7352,168,True
8474,106,False
5061,168,True
10706,156,True
9186,94,False
14896,159,True
15454,94,False
10846,192,False
10761,150,True
2235,168,True
9251,156,True
1466,216,True
12910,156,False
7317,108,True
14006,204,True
2719,156,True
6708,120,True
13045,138,True
10235,84,True
7237,144,False
10584,180,True
13077,192,True
4574,132,False
6830,82,False
7100,204,True
1799,9,True
9520,94,False
9703,108,True
11097,168,True
10247,36,False
11649,192,False
14613,120,False
3802,144,False
10631,162,True
11460,72,True
13888,60,True
3860,186,False
11472,72,True
2017,136,False
1597,168,True
5432,76,False
9866,180,False
10303,150,True
2956,156,True
15253,132,True
11346,150,False
12072,120,False
6798,82,False
11936,138,True
15252,168,True
2268,168,False
11572,144,False
9338,94,False
11141,132,False
13146,120,False
2094,106,False
5338,120,False
8940,106,False
10789,132,True
2063,84,True
5952,120,False
12498,106,False
2658,180,False
1629,42,False
3528,32,True
3349,168,True
7639,132,False
4012,156,True
12593,24,True
11342,180,False
7055,168,False
8570,138,True
12705,156,True
1422,32,True
3414,186,True
10372,32,True
11473,156,True
12084,60,False
13951,126,False
4849,132,False
2437,192,True
9949,144,False
15419,180,True
6733,120,False
5130,48,True
10723,96,True
12446,106,False
13991,174,False
4817,132,True
9362,120,False
2176,130,False
8318,168,True
6754,162,False
4768,168,True
5701,28,True
2644,144,False
14189,60,True
8681,156,True
5537,120,False
6869,156,False
14124,162,True
6470,69,False
9677,144,False
15123,120,False
8419,69,False
14634,150,True
11369,132,True
10115,156,True
4161,144,False
1766,156,True
1406,106,False
5306,60,False
11432,132,False
4619,132,True
3049,54,True
5104,120,True
9553,162,False
6230,120,True
8720,94,False
3721,150,True
6918,82,False
8901,120,True
3011,180,True
6774,69,False
13626,138,False
9068,168,True
2082,50,False
8190,138,False
9219,50,False
2828,108,True
11732,162,True
5460,36,False
12863,144,False
10486,138,False
10500,150,True
1925,164,True
6255,106,False
12280,153,True
9451,162,True
14275,106,False
12769,138,True
9109,120,True
8488,113,False
14858,168,True
13728,132,False
12009,204,True
3444,82,False
5156,156,False
4020,150,True
8879,96,True
13241,150,True
3069,168,False
11173,156,True
11893,168,True
14167,144,False
11816,186,True
14524,94,False
15155,204,True
10860,180,False
13291,144,False
11741,144,False
2477,180,False
1571,102,True
12896,144,False
12096,94,False
5632,96,False
2112,159,True
5778,94,False
14242,162,True
11615,144,False
12584,106,False
3359,174,True
7043,156,False
10130,162,True
9064,106,False
10012,88,False
15402,88,False
6729,156,True
12291,150,True
5022,168,True
7638,69,False
14476,94,False
1775,104,True
7070,150,True
12551,144,False
15138,138,True
2639,168,False
8356,144,False
10305,120,True
8825,204,True
7314,120,False
6471,168,True
5011,144,True
7433,162,True
4617,88,False
14913,180,False
12756,42,True
6876,108,True
8487,132,True
13326,144,False
5839,162,True
6409,216,False
5126,144,False
9091,144,False
11057,186,True
6329,150,True
13705,132,False
10688,120,False
10505,120,True
4182,100,False
15012,120,False
15447,132,False
1498,174,False
13962,132,False
14628,132,True
11581,94,False
6501,84,True
2579,156,True
8834,138,True
2442,168,False
10526,115,False
6946,138,True
9818,82,False
2786,106,False
5395,228,True
2358,192,True
6508,132,False
7152,150,True
11997,144,False
12149,144,False
3977,132,False
9478,36,False
8483,94,False
7501,126,True
7033,156,True
10002,168,True
1442,156,False
13772,132,False
8377,138,True
14549,106,False
5234,72,False
2000,150,False
10524,156,False
11210,162,True
12107,132,False
14104,144,False
2778,162,True
15089,120,False
4697,82,False
2942,82,False
10362,60,False
11645,50,False
5963,120,True
14490,108,True
13419,150,True
13361,150,True
11616,162,True
9105,132,False
7628,168,True
6207,45,True
9666,168,True
3497,18,True
15034,69,False
11574,150,True
3778,162,True
13013,106,False
10300,126,False
9794,106,False
12687,90,True
13058,168,True
11437,192,True
15265,120,False
11530,120,False
9463,144,False
4319,135,True
6583,138,False
7286,100,False
9854,150,True
5720,156,False
15593,180,True
12006,48,True
9223,82,False
6318,114,True
10097,126,False
6545,126,False
12091,94,False
12779,204,True
11058,96,True
5845,192,True
2277,72,True
4996,120,True
13933,138,False
7754,156,False
7217,168,True
6691,120,True
13179,216,False
8521,168,True
1987,82,False
12338,168,False
8220,94,False
14940,120,False
13107,156,True
13660,150,True
7796,120,False
3149,82,False
14305,168,True
13406,132,True
5346,48,True
12609,162,True
5047,24,True
10864,150,True
6616,168,True
11610,108,True
9687,144,False
11200,132,False
15511,106,False
5857,96,True
1382,138,True
2743,120,True
11095,204,True
6050,84,False
2055,113,False
4806,132,True
7017,138,True
13514,132,False
13226,132,False
8629,90,True
2305,18,True
6322,88,False
5042,132,False
7579,69,False
13610,96,True
7519,162,False
11123,162,True
2491,60,True
7397,78,True
9366,168,True
6072,108,True
14406,120,False
10655,120,True
11153,162,True
8923,90,True
10578,50,False
9924,132,False
6655,84,True
3463,192,True
5402,156,False
7172,113,False
9245,94,False
13074,120,True
15580,162,False
14647,180,False
11705,132,False
4263,132,False
8107,132,False
2440,106,False
3338,114,True
3424,180,True
12144,132,False
15424,168,True
5672,132,False
12534,156,True
14408,138,True
3621,96,True
11858,138,True
7497,120,False
9047,156,True
12836,108,True
8096,82,False
6149,94,False
7599,162,True
9857,72,True
5144,72,False
3710,96,True
7758,216,True
5752,186,False
12476,138,True
9640,150,True
15131,120,False
6334,113,False
10677,30,False
14405,144,False
5956,84,True
2530,156,True
1402,24,False
12469,156,True
7020,132,True
14186,88,False
6665,156,False
2598,192,False
2287,162,True
4014,132,True
11712,132,True
14263,174,False
2381,168,True
1903,123,False
15372,24,True
1648,144,False
12260,106,False
1972,82,False
10930,156,True
8854,168,True
11827,106,False
14810,82,False
4667,84,False
12934,150,True
2243,120,True
10727,115,False
11809,132,True
10457,100,False
14520,82,False
6997,138,True
4955,84,False
11982,82,False
15268,108,True
8526,94,False
5851,78,True
14957,186,True
12817,106,False
15130,108,True
5860,156,True
7383,162,True
15602,82,False
6734,165,True
2532,192,False
13517,42,True
4237,30,False
4003,150,True
4222,42,True
9788,60,False
15141,156,True
15333,156,False
15153,82,False
4273,156,False
9346,216,True
11452,156,True
14106,94,False
11446,120,False
15167,94,False
9263,132,True
14799,168,True
7689,132,True
13561,144,False
6265,82,False
11934,132,False
2541,108,True
13897,168,True
8404,162,False
9208,84,True
5773,162,True
8021,82,False
11945,96,True
5205,108,True
13474,144,False
1846,168,True
7707,156,True
7097,156,True
13359,156,True
3747,36,False
12372,36,True
13239,132,False
7180,120,False
11310,156,False
7081,120,False
12512,156,False
2045,135,True
1475,36,True
15321,82,False
7193,94,False
1557,150,True
9268,144,False
1565,51,True
5455,120,True
13523,204,True
2056,138,True
8931,102,True
9620,120,True
8755,144,False
9779,72,True
8496,36,False
5260,156,False
11253,78,True
8607,120,True
13718,144,False
15530,120,False
7181,132,False
6958,180,True
5446,204,True
13500,75,False
11367,132,False
13988,156,True
5241,156,True
13522,144,False
12025,168,False
15036,132,False
12730,138,True
10444,168,True
5110,144,True
2046,108,False
1592,39,False
2480,168,False
3287,180,True
6237,106,False
12492,126,True
8148,150,True
11061,120,False
13165,132,False
9350,162,False
10889,106,False
15103,180,True
9856,106,False
7244,82,False
4200,132,True
9134,156,False
5905,120,True
15120,162,False
1921,72,True
6693,150,True
12951,162,True
5167,132,True
5444,132,False
5483,168,True
7864,106,False
2416,150,True
14269,94,False
3409,144,False
1472,60,True
13449,144,False
5593,132,True
9767,138,True
6568,120,False
14065,180,True
7736,180,False
5344,168,False
6134,132,False
3907,132,False
5129,156,True
10488,106,False
4803,66,True
9898,168,True
14704,120,True
8601,144,False
6185,138,True
8381,120,True
12031,156,True
2222,72,True
7515,120,False
4930,96,False
8103,156,True
15056,156,True
10774,94,False
7896,69,False
2379,168,True
11193,150,True
2880,168,False
2393,168,True
5218,159,True
15105,106,False
14473,106,False
9414,94,False
8620,138,True
13850,165,True
9523,156,True
9271,72,True
14342,144,False
13700,186,True
3273,204,False
2476,132,True
2467,186,True
6819,138,True
4210,106,False
7328,60,False
14811,132,False
11813,180,False
10666,132,False
3453,132,False
2147,162,True
12419,174,True
2074,113,False
1695,132,False
14504,138,True
5694,192,True
10933,106,False
10429,168,False
12271,153,True
2386,150,True
3136,174,True
13508,168,True
2216,132,False
7458,168,True
14291,156,True
6486,113,False
6540,84,True
13260,156,True
7748,180,True
14295,150,True
1724,138,True
9657,162,False
6205,192,True
9415,150,True
11818,144,False
1863,9,False
10797,96,True
1737,24,False
1679,128,True
3636,162,False
14910,150,True
10360,132,False
2920,186,True
9016,72,True
5613,132,False
11738,120,False
11448,192,True
5820,108,True
6525,204,True
5282,132,True
9787,132,True
4343,94,False
12657,162,False
9305,94,False
7238,94,False
14319,94,False
13285,96,True
4141,162,False
7641,174,True
9574,138,True
15396,126,True
10967,168,True
4589,168,True
3541,132,False
14882,144,False
13036,132,True
12575,180,True
14797,50,False
2691,186,True
2098,150,True
10665,204,True
14854,156,False
9210,168,True
12805,108,True
5217,120,False
9631,162,False
5723,156,False
7752,120,True
10180,168,True
12952,168,False
13126,192,True
15171,153,True
1606,189,True
8226,69,False
14373,156,False
7775,150,False
10852,135,True
3722,42,True
12266,106,False
7360,156,True
12684,144,False
2976,126,True
5923,144,False
10207,66,True
13197,162,True
11278,144,False
11356,150,True
9982,156,True
2448,132,False
3488,156,False
5311,180,False
10664,144,False
11585,204,False
15588,113,False
15014,144,False
12459,120,True
7730,132,False
8277,156,True
8995,150,True
8994,156,True
4874,132,True
4181,100,False
10540,90,True
9853,168,True
1958,150,True
14883,120,False
12290,132,False
8815,168,True
8541,72,True
5223,108,True
10776,204,True
14872,132,True
9296,150,True
7911,144,False
8865,132,False
15409,156,True
6596,48,True
13553,132,True
4084,156,False
2965,32,True
9869,138,True
11332,88,False
14560,144,False
7427,120,True
1712,138,True
8615,132,True
3881,132,True
5786,162,False
14844,113,False
4778,156,False
6107,168,True
6676,54,True
5418,132,True
3889,204,False
7114,150,True
10700,120,True
14920,138,True
6724,69,False
12891,150,True
9824,144,False
10763,162,True
3203,162,True
13840,94,False
11606,108,True
14379,60,True
6349,69,False
14183,168,True
9778,54,True
9213,150,True
12982,82,False
8112,162,False
14798,216,True
10232,132,False
8752,138,True
5930,204,True
6099,162,True
5008,156,True
14551,69,False
8237,132,False
9439,108,True
14496,120,True
8499,72,True
2793,174,True
1624,168,False
15135,48,True
2125,108,True
4217,6,False
2424,69,False
3128,108,True
8124,120,False
5249,144,False
10425,42,False
15451,156,True
7354,216,True
14095,72,True
9057,138,True
4707,96,True
2005,108,True
14963,150,True
6264,36,True
10045,162,True
1566,108,True
4907,144,True
14426,132,False
3065,82,False
10254,150,True
1692,82,False
5594,60,True
7885,82,False
3261,156,True
12189,120,False
10277,84,True
5491,108,True
2573,162,False
7711,138,True
3367,156,True
3393,132,False
6398,60,True
14691,72,True
13180,162,True
6847,150,False
7096,168,False
2727,162,True
6908,168,True
12032,94,False
12648,60,True
6739,120,True
13330,60,False
4815,96,True
10381,162,True
2490,168,True
9357,82,False
15259,156,True
4137,164,False
3192,192,True
5620,204,True
15425,138,True
11490,66,True
7008,120,False
13776,150,True
6698,55,False
13407,96,True
12504,138,False
14452,162,False
11777,150,True
6450,168,True
9011,150,True
5745,132,True
7320,144,False
4233,156,True
5974,204,True
10551,144,False
13105,84,True
3972,94,False
6641,60,False
2321,132,False
11176,120,True
3274,144,True
2451,72,True
10781,132,True
6627,120,True
5549,72,False
1821,150,False
6153,82,False
15221,96,True
11417,159,True
13815,82,False
3330,197,False
5775,150,False
7517,204,True
12879,162,True
12932,162,True
4299,150,True
8178,106,False
5651,72,True
14479,156,True
8519,126,False
14430,42,True
5977,94,False
3244,156,False
1778,132,False
7002,60,True
15112,132,False
4923,180,True
14141,132,True
11015,94,False
1832,58,True
8667,150,True
11382,135,True
12018,144,False
12995,120,True
10231,72,True
12201,168,False
4152,108,True
7129,132,False
12822,60,True
10945,162,False
4787,132,False
12078,132,True
8942,132,False
9421,168,True
11321,120,True
7554,120,True
2238,186,True
15311,120,False
10104,168,True
8200,162,True
5768,120,True
2320,180,False
9108,162,True
4027,120,False
10811,132,False
12252,132,False
9836,120,False
12621,103,False
5656,168,False
8642,39,False
14302,84,True
6078,96,True
3694,204,True
14024,132,False
8756,162,True
9518,138,True
6853,126,False
5267,94,False
12859,120,True
7264,174,True
14518,162,False
13647,108,True
15196,162,True
9408,156,False
2422,150,True
14806,69,False
12768,72,True
2352,15,False
11501,106,False
8575,138,True
3963,156,False
11998,132,False
14793,108,True
10284,60,True
9409,96,True
7153,180,False
11052,94,False
13746,108,True
4173,198,True
10786,162,False
4564,156,True
6377,57,True
2026,108,True
12733,168,True
6837,162,True
1977,120,False
7413,204,False
2356,180,False
8158,90,True
5112,84,True
2178,30,False
2050,156,False
5474,156,False
2498,162,True
11621,106,False
2012,36,False
7654,76,False
11595,162,False
4056,94,False
12897,150,True
2247,156,True
11425,144,False
12628,138,False
9351,180,False
3533,132,True
13093,132,True
3571,150,True
14367,162,False
10920,84,True
11096,132,False
4138,94,False
3891,144,False
8437,69,False
8398,162,True
5363,156,False
14860,36,False
4067,153,True
8244,94,False
1758,144,True
6148,106,False
9450,76,False
4146,180,True
14146,120,False
7658,144,False
13929,162,True
10057,156,True
9941,204,True
2984,162,True
2894,132,True
14474,165,True
5985,150,True
2689,150,True
2730,162,False
10880,120,True
13972,120,False
9028,84,True
5898,156,False
15481,82,False
12156,69,False
1896,94,False
5464,156,True
8817,132,True
12513,156,True
3917,120,True
4605,106,False
10234,168,True
9280,168,True
13405,120,False
4249,156,True
2867,135,False
7271,54,True
5469,132,False
7265,137,False
14363,132,False
4344,162,True
6651,82,False
2713,162,False
5496,96,False
8438,24,True
4598,156,False
1458,84,True
14316,94,False
8246,144,False
3200,144,True
4979,108,True
14631,168,True
14233,168,True
4943,60,False
13721,120,False
2998,168,False
9360,156,True
6242,94,False
14251,108,True
1919,29,False
12898,132,True
11181,132,False
11558,60,False
11111,168,True
10935,120,False
11043,192,False
4330,150,False
11661,138,True
14566,82,False
15033,162,True
10629,120,False
6922,204,True
10088,106,False
14696,144,False
15144,144,False
11842,156,True
11401,168,True
1616,48,True
11576,156,False
6590,138,True
13219,132,False
13578,120,False
13378,94,False
3015,120,True
15550,168,True
3490,120,False
6549,192,True
2586,132,False
7570,168,True
14817,132,True
9164,42,False
5572,69,False
6143,162,True
5503,144,True
13758,150,True
10917,106,False
2890,120,False
7800,72,True
4934,144,False
1746,69,False
5668,132,False
14947,156,True
5628,192,True
10912,82,False
1813,156,False
11304,132,True
9269,150,True
1670,106,False
3938,144,True
15254,138,True
2812,144,False
6955,88,False
3087,106,False
15306,132,True
2001,120,False
14864,150,True
14345,120,False
11819,162,True
15359,156,False
2908,192,True
7889,84,True
2734,204,True
14376,39,False
5986,168,True
1998,15,True
3517,120,False
7156,132,False
14687,132,False
9174,168,True
8333,132,False
3826,192,True
4925,84,False
3758,156,True
12042,106,False
11981,156,True
13592,108,True
9446,159,True
5797,144,False
12655,168,True
13955,156,False
4644,132,True
8023,84,True
7072,108,True
11688,138,True
9438,100,False
8885,94,False
1931,210,False
1674,150,True
13783,168,True
6556,120,False
14312,94,False
1379,94,False
2208,162,True
12979,156,False
12623,94,False
10084,94,False
14713,192,True
13190,168,True
7211,84,True
4909,120,True
4041,96,True
12535,144,False
7219,82,False
15536,138,True
8133,126,True
4573,72,False
2817,94,False
10312,84,True
15336,144,False
15438,138,True
14683,120,True
5377,120,False
7162,150,True
12119,132,False
15223,168,True
9556,106,False
11505,138,True
13015,84,True
8878,144,False
10607,180,False
3346,150,True
12727,174,True
5459,120,False
6857,132,False
10861,94,False
10534,60,True
1530,186,True
6520,106,False
5424,132,False
11447,66,True
7041,168,True
5367,96,True
3882,180,False
11726,150,True
14542,162,False
3183,132,False
2292,162,True
4694,156,True
3967,114,True
4637,180,True
11605,82,False
6933,150,True
14829,132,True
9978,108,True
2107,168,True
2709,48,True
14830,96,True
4813,168,True
6098,120,False
1488,94,False
7481,106,False
15024,120,True
13439,84,True
10592,106,False
14136,144,False
14677,156,True
11492,156,True
13531,132,False
9500,42,False
1638,168,False
9221,108,True
13430,162,True
2253,162,True
3568,222,True
2663,180,True
12707,120,False
1727,156,False
5502,144,True
10160,120,False
8007,204,True
2899,138,True
8571,82,False
8143,132,False
6658,120,False
3552,180,True
3794,144,False
15344,156,True
11589,138,True
10306,120,True
8165,42,True
8767,96,True
9814,204,True
8836,156,True
9051,156,False
8907,120,True
14614,108,True
11089,162,True
12019,162,True
10533,106,False
5192,168,True
1956,132,False
6003,150,True
13738,132,False
4604,144,False
12474,168,True
12883,108,True
1716,132,False
13645,96,True
10979,168,True
5849,132,True
4903,156,True
10558,60,True
2553,120,False
10796,106,False
12723,94,False
5703,132,True
12296,204,True
7549,82,False
12005,69,False
5885,156,False
9873,168,True
9407,132,False
7582,90,True
3303,168,False
5591,60,False
8406,120,True
2624,84,True
7826,132,False
9398,50,False
14160,51,True
10759,144,False
13237,120,False
14282,180,False
9433,162,True
3368,126,False
6806,180,True
11824,162,True
4213,132,False
13879,156,True
13682,153,True
9304,144,False
13194,138,True
12163,168,False
14878,132,True
7388,132,False
11715,82,False
2025,150,True
5790,36,False
12314,168,True
5370,144,False
11664,156,False
10169,144,False
7601,168,False
9334,82,False
14516,132,False
4627,144,True
11963,144,False
4985,132,False
14289,84,True
13252,138,True
8555,120,False
8283,126,False
15324,144,False
14247,144,True
14323,168,True
11197,114,True
5284,96,True
1917,38,True
9730,132,True
11191,120,False
2303,144,False
10484,144,False
2648,177,True
7737,82,False
10337,84,True
14315,96,True
12070,120,True
2439,186,True
11571,150,True
15215,168,True
3661,138,False
10994,150,True
12566,161,True
8921,24,True
3477,20,True
14955,120,False
9976,30,False
12403,42,True
4018,163,True
6257,150,False
4054,156,True
3832,49,False
7863,168,True
9131,132,False
5140,96,False
1455,32,True
3029,180,True
11754,132,False
9897,40,True
14330,106,False
13742,60,False
15255,186,True
5997,60,True
8641,120,False
12491,138,False
3518,72,True
10946,162,True
14082,132,True
11670,132,False
7030,120,True
10928,132,True
10333,156,False
1797,162,True
4148,156,False
15143,150,True
5964,216,True
15570,100,False
5617,156,False
9884,168,True
2930,120,False
15329,144,False
8936,132,False
8017,192,True
7083,138,True
13990,156,True
3973,180,True
8475,144,False
3720,126,True
13605,180,True
2180,24,True
7068,168,True
11387,82,False
8653,60,False
5602,100,False
11180,156,False
3642,108,True
2273,156,True
1424,120,True
10086,120,False
14933,192,True
13136,162,False
8013,132,True
8702,94,False
3197,159,True
8619,132,False
9390,82,False
9084,114,True
9365,84,True
2818,168,True
12158,174,True
11226,138,True
3697,156,False
9363,50,False
2859,138,False
2934,210,True
6656,108,True
6317,126,False
14833,138,True
6820,192,False
9459,162,True
11114,180,False
11420,174,False
8122,120,True
2889,162,True
12816,69,False
5342,120,True
10527,144,False
3091,162,False
8788,106,False
15148,69,False
11876,78,True
8127,94,False
3635,156,False
6777,153,True
11965,144,False
8195,216,True
6197,150,True
2313,180,False
2543,150,True
1668,126,False
8054,180,True
13824,60,False
6420,96,True
12015,132,False
10190,150,True
2980,156,True
13498,156,True
6234,144,True
12391,156,True
5556,120,False
3301,84,True
6497,144,False
9250,50,False
5915,82,False
10976,106,False
8493,162,True
8969,106,False
11932,82,False
4723,156,True
5567,120,False
9913,120,True
11362,138,True
2431,156,True
1637,129,True
5571,156,True
10161,132,True
5278,126,True
5757,48,False
3873,156,True
11728,108,True
6364,108,True
4674,144,True
2402,204,False
11683,180,True
6923,120,True
3259,180,False
7410,94,False
6238,168,True
6348,132,False
5310,144,True
12407,159,True
13753,132,False
5803,24,True
10865,162,True
11556,156,False
3211,173,True
3421,176,True
11426,132,False
8899,168,True
11306,36,True
3988,168,False
15523,144,False
6804,168,True
13761,150,True
13114,228,True
11868,100,False
5154,84,False
11224,132,True
8365,150,True
2667,168,False
3157,165,True
11078,120,False
7228,144,False
2473,204,True
6694,69,False
10051,150,True
2603,138,True
15557,120,False
5406,120,False
2330,174,False
10579,150,True
2137,136,False
7023,168,True
1645,132,False
14143,162,True
13603,132,False
8938,32,True
2100,113,False
9136,106,False
10849,120,True
3423,180,False
2815,168,False
1852,144,False
8713,138,True
6644,94,False
6115,132,True
11984,72,True
11863,144,False
12594,96,True
12057,168,True
8722,84,True
11213,156,True
3286,120,False
9509,168,False
7792,96,True
6399,120,True
14395,106,False
3436,196,True
5105,156,True
4618,88,False
3399,192,False
12104,120,True
6073,150,True
14322,18,False
7562,165,False
15500,180,False
8536,106,False
6700,204,True
1400,132,False
6298,106,False
3539,82,False
3142,156,True
3161,168,True
15578,72,True
10597,69,False
6057,132,False
8374,132,False
5511,69,False
9297,94,False
6635,168,False
14849,106,False
3062,69,False
9445,120,False
4974,138,False
8485,132,True
6042,69,False
13488,82,True
3156,36,False
5919,120,False
14512,150,True
5031,168,True
9253,138,True
14303,28,True
4077,54,True
9412,94,False
2671,132,True
5333,132,False
13884,180,False
9604,108,True
12235,156,False
6038,72,True
15462,168,True
6390,150,True
4956,156,True
15087,66,True
13147,156,True
6962,132,True
7656,168,True
5051,156,True
2823,174,False
8650,132,False
14834,144,False
15190,204,True
13943,180,False
15464,120,False
14831,132,True
13384,32,True
5784,144,False
14404,204,True
2798,132,True
2571,156,False
7370,132,False
8563,50,False
13293,60,True
12921,120,True
11055,54,True
2916,156,True
11313,120,True
5675,144,False
12775,168,True
2741,113,False
12968,168,True
10338,144,False
12401,156,False
2248,112,False
1494,24,False
12726,168,True
7932,168,True
8274,168,True
10412,108,True
8410,180,True
2276,156,True
10650,120,False
13082,138,True
14324,82,False
2909,162,True
13680,108,True
8883,60,True
9452,126,True
11292,120,False
7952,30,False
6550,144,False
15292,132,False
2806,180,False
9776,168,True
4185,54,True
8830,168,True
12688,186,True
8753,96,False
4933,84,False
4144,168,True
13163,156,False
5708,84,True
4110,204,True
10990,186,True
10446,94,False
5191,153,True
3633,66,True
13283,82,False
10697,138,True
11626,150,True
4311,156,False
4013,132,True
6089,132,True
12464,132,False
9157,132,False
5401,120,True
13666,150,True
13687,138,True
15436,48,True
8084,113,False
10489,94,False
2528,204,False
5179,150,True
5220,138,False
9094,106,False
7956,156,True
8173,168,True
5937,108,True
9974,144,False
9086,168,False
14852,168,True
11533,132,False
6248,144,False
3591,50,False
7301,72,True
3039,120,True
9611,150,True
6900,106,False
7583,126,False
11355,37,True
7833,156,False
4613,168,True
10022,120,False
2113,138,False
15332,180,False
9754,156,True
12008,192,False
3700,200,True
5670,96,False
2262,108,True
13234,106,False
11433,228,True
9212,120,False
3457,75,True
3927,94,False
14360,204,True
2298,54,True
13266,106,False
6757,82,False
5210,132,False
8187,94,False
11035,144,False
2595,132,False
10512,72,False
7614,150,True
3324,180,False
7056,156,True
3254,168,True
9972,150,False
12090,88,False
14715,84,True
9119,156,False
7492,120,False
11290,94,False
7291,82,False
8101,120,False
14212,144,False
4629,168,True
13177,96,True
4991,48,False
9441,72,True
11101,156,True
1560,120,True
3005,94,False
2754,180,True
9583,132,False
4830,84,False
10491,82,False
6319,162,False
10586,168,False
11961,106,False
10428,162,False
14501,132,False
15232,132,True
13244,156,False
4887,156,False
8238,132,False
5566,84,False
6796,144,False
5320,120,True
6824,120,True
7197,100,False
2161,90,False
12646,66,True
8974,84,True
15493,36,False
9002,78,True
14091,132,True
11988,180,True
14976,82,False
3933,168,True
1904,60,True
11927,204,True
8751,60,False
13739,94,False
5124,216,False
10178,162,True
8121,144,False
3770,144,True
3363,150,True
3957,180,True
11617,60,True
3931,162,True
5077,54,True
7740,156,True
8063,180,True
7253,84,True
13679,96,True
14694,126,False
9307,120,False
6223,132,False
15381,106,False
1686,138,True
1660,132,False
14262,162,True
13229,120,False
7981,168,True
12913,96,True
8816,108,True
2962,54,True
12543,30,False
12702,82,False
7474,94,False
8250,78,True
3191,156,False
2035,186,False
11450,204,False
15234,106,False
11964,120,False
15375,150,False
8095,94,False
13779,162,False
13891,82,False
8738,144,False
3159,156,False
3353,48,True
10472,120,False
9215,60,False
6968,132,False
7057,162,False
6268,132,False
15406,132,True
5734,132,False
14755,82,False
5766,96,True
11011,210,True
7402,156,True
9300,168,False
6251,168,True
13261,94,False
14254,132,True
12965,120,False
12754,132,False
12181,120,False
6273,120,False
1507,90,True
14828,94,False
7399,168,True
8201,50,False
3503,160,True
3371,144,False
5769,156,False
3141,133,True
12939,180,True
6126,108,True
13684,174,True
1765,132,False
4071,186,True
10871,210,True
10671,204,True
7202,162,False
5493,180,True
4826,120,False
6859,102,True
13670,82,False
6843,132,True
1682,106,False
4765,144,True
11845,180,False
4052,182,True
8710,69,False
7729,168,False
6128,168,True
7510,168,True
1689,86,False
12838,84,True
13581,108,True
7535,132,False
7918,204,True
9207,168,True
15339,94,False
6907,153,True
12683,150,True
12988,186,True
8937,150,True
4118,106,False
6154,108,True
6613,108,True
7563,78,True
5815,106,False
2937,204,True
13804,156,True
15549,120,False
14094,150,True
5096,96,True
9662,150,True
3492,66,True
12095,60,False
8559,132,False
3070,84,True
2896,204,True
15393,120,True
4838,186,False
9940,186,True
8666,156,True
12058,106,False
2819,120,False
13637,156,True
11952,126,True
12978,180,True
14133,120,False
5916,144,False
8202,144,True
3022,108,True
12612,144,False
6327,106,False
5119,132,True
11887,156,True
6643,132,False
11586,132,False
2446,156,False
3798,192,True
2993,156,False
14649,150,False
11924,144,False
9737,150,True
1563,192,False
11442,120,False
11843,156,False
6764,150,True
6512,168,False
14732,69,False
11406,69,False
11119,72,True
9146,120,False
8068,186,True
14417,144,False
10660,96,True
7851,60,True
10931,156,True
13211,168,True
14089,156,False
4789,156,False
7854,132,True
7499,156,True
8228,144,False
4793,132,True
4924,84,False
2263,72,True
13479,120,False
6139,126,False
7298,90,True
15303,186,True
2372,84,True
2999,106,False
9410,186,True
8160,144,False
4571,132,False
15538,69,False
13054,150,True
8451,120,False
12830,150,False
8545,60,False
14093,36,False
6152,50,False
8038,114,True
11065,162,True
12693,108,True
12658,72,True
12724,120,False
10187,132,False
3549,69,False
4757,132,True
11113,156,False
10243,132,False
2702,186,True
2525,144,True
5650,48,True
10004,135,True
15183,120,False
4356,100,True
14814,138,False
10944,120,False
14559,94,False
12709,168,True
1547,126,True
13664,210,True
14285,144,False
4155,132,True
14085,156,False
10510,180,False
8839,132,False
4081,156,True
6872,144,True
6278,156,True
1481,100,True
10353,82,False
9601,94,False
5132,144,False
12984,162,True
5534,36,True
14168,180,True
14056,156,False
15074,82,False
5256,168,True
7455,144,True
3827,42,True
5531,204,True
2236,168,True
8440,120,False
4063,120,False
2854,159,True
14152,159,False
12361,162,True
12614,132,True
10562,150,True
13441,54,True
10137,150,True
9319,138,True
3942,164,True
4309,132,False
14891,120,True
1851,57,True
2866,132,False
3998,17,True
9193,150,True
13117,102,True
13329,144,False
13168,120,True
2155,132,False
3525,186,True
2789,144,False
10799,126,False
6863,162,False
14751,82,False
5394,96,True
13565,106,False
3698,168,True
4028,144,False
12731,168,True
13397,138,True
7817,138,True
8889,180,False
5359,94,False
4877,168,True
10388,168,False
14688,106,False
13395,120,True
9067,108,True
8763,138,True
1672,28,True
11685,132,False
8097,162,True
5072,120,True
14716,156,True
11079,15,True
9624,168,False
7139,120,False
1675,96,True
5355,147,False
10275,156,False
11720,138,False
5447,180,True
10126,72,True
6972,126,False
12341,150,True
6956,108,True
15177,42,False
14986,120,False
3465,39,False
11837,162,False
1452,180,False
2341,132,False
3216,132,False
15598,120,False
2742,138,True
4316,156,True
7719,69,False
7822,36,False
8807,186,True
9878,102,True
9469,144,False
5513,24,False
5452,66,True
14984,150,True
13493,162,True
2953,126,True
11737,144,False
9098,96,True
13890,94,False
4199,228,True
4058,168,True
8181,162,True
13731,120,True
5318,156,True
8579,76,False
5912,94,False
6432,120,True
2158,108,True
13987,180,False
10749,156,True
9353,204,False
8682,106,False
14100,162,True
11795,96,True
6254,168,True
1886,162,True
12246,120,True
14344,138,True
3971,144,True
8328,156,True
3928,101,False
5086,174,False
4347,162,True
7428,42,True
3180,162,True
9061,138,False
13931,168,True
15258,60,False
8316,132,False
6061,138,False
6076,132,False
8074,106,False
6681,69,False
3483,62,True
11449,120,False
6619,126,True
1966,144,False
8660,150,True
3121,125,True
9573,42,True
6654,156,True
4712,60,False
4089,142,True
7559,120,True
4699,168,False
8882,162,True
14815,120,False
15345,84,True
10197,168,True
1913,156,True
8976,180,False
3312,192,True
11828,168,False
4315,156,False
8259,150,True
1717,102,True
1936,56,True
13755,132,False
10062,132,False
9343,144,False
13528,54,True
1810,180,True
5056,156,True
1493,138,True
10658,132,False
9696,144,True
11640,132,False
2633,162,True
5918,132,False
8098,168,True
5582,156,True
8654,132,False
12285,165,True
7805,72,True
5381,120,False
4561,108,True
5014,60,True
15129,72,True
7929,156,True
5894,144,False
2136,115,True
10179,102,True
10872,132,False
2367,180,False
12299,48,True
14901,150,True
15533,108,True
3816,132,False
5158,88,False
4569,96,False
12414,60,True
3445,120,False
7531,192,True
10044,168,True
1593,168,True
14998,150,True
6027,50,False
15334,150,True
1665,150,False
13981,132,False
11603,66,True
2052,168,True
11814,150,True
2294,180,False
12420,120,False
15471,106,False
14193,96,True
13552,78,True
12957,82,False
14763,82,False
14983,108,True
12207,50,False
10627,144,False
7281,144,False
8392,132,False
2226,82,False
2647,150,True
2482,120,True
6591,168,True
11770,156,True
10297,132,False
13797,96,True
11614,82,False
4244,18,False
3980,168,True
4656,153,True
3362,144,True
14616,120,False
14246,94,False
11137,82,False
9270,54,True
11972,156,True
9863,180,False
4739,120,True
7236,36,True
11385,168,False
2242,132,True
10850,150,True
7341,150,True
5507,60,False
4015,120,True
9828,138,True
11172,204,True
11885,162,True
12797,120,False
6974,132,False
3787,120,False
4611,96,True
14350,156,True
1541,24,True
6108,138,True
2261,168,True
1736,150,True
8194,24,False
11630,46,False
15579,96,True
8019,82,False
3335,168,False
14127,174,True
10201,150,True
11519,168,True
2186,132,False
1895,120,False
9012,186,True
9947,120,True
14899,216,True
7909,120,False
10506,120,True
2669,168,False
14942,126,False
6896,60,False
5442,60,False
9815,72,True
7555,48,True
10656,168,True
14738,72,True
15230,84,True
9150,84,True
12796,120,False
12298,106,False
4136,132,False
15211,106,False
6088,120,True
11375,108,True
11166,156,True
14414,50,False
13044,156,True
13487,156,False
12387,132,True
13811,162,True
4235,94,False
9599,106,False
4759,72,False
4268,162,True
12026,100,False
8152,162,True
4599,132,False
3677,48,True
3255,180,True
8661,156,False
15102,84,True
3400,168,True
1426,54,True
8700,186,True
12224,156,False
14914,96,True
7257,54,True
11413,150,True
3291,132,True
8305,204,True
15159,180,True
5852,168,True
11706,120,False
8856,156,True
1640,120,False
2360,162,False
3545,120,False
10675,96,True
14523,156,True
15369,69,False
3427,180,False
15382,60,True
5850,153,True
2032,94,False
11186,138,True
5505,126,True
7184,42,False
8286,204,True
15468,82,False
6308,76,False
3170,36,False
7486,162,True
12040,132,False
7362,138,False
12033,174,True
6920,204,True
14661,106,False
2861,150,True
2747,162,True
12337,132,False
12678,120,False
11783,54,True
13793,156,True
5358,120,False
13008,42,False
3010,150,True
14437,162,False
2237,186,True
6838,186,True
11532,69,False
2412,162,True
10482,120,False
2023,156,False
14390,132,False
7753,94,False
14174,150,True
4797,156,False
2782,156,False
11487,162,False
4602,84,False
11365,132,True
9218,120,False
8703,150,False
8139,150,True
8846,150,True
12131,168,True
11372,132,False
6585,94,False
10146,162,True
8346,150,True
8832,144,False
10456,162,True
5509,156,False
13264,96,True
7294,180,False
8382,132,False
9073,144,True
6746,94,False
4341,162,True
7686,156,False
13257,168,True
1713,222,True
3429,106,False
14813,84,True
9272,94,False
7780,144,False
12654,156,True
11724,162,True
2296,156,True
11240,162,True
10969,132,False
12374,60,True
1585,144,False
13922,204,True
11167,150,True
11962,162,True
15304,69,False
14388,120,False
5921,69,False
4919,96,False
3370,42,False
10827,106,False
2917,132,False
5212,144,True
3530,132,False
10163,186,True
7616,144,False
13297,156,False
10550,156,True
9132,106,False
4754,54,True
9411,82,False
2091,84,True
2057,36,True
8761,94,False
1609,42,False
5165,132,False
6575,108,True
9465,132,False
14928,94,False
13799,162,True
3178,204,True
3380,106,False
4865,132,False
11922,60,False
13344,156,True
13703,150,True
5649,24,False
6201,82,False
12450,132,True
4671,72,True
9359,132,False
9341,132,False
13710,132,True
11422,132,False
11085,162,False
5782,69,False
8977,165,False
14163,132,False
7251,156,False
6597,132,True
6116,120,False
14071,84,False
13790,156,True
10402,132,False
4191,156,False
2892,168,True
4857,180,False
10941,120,False
12279,156,False
5200,156,False
7049,153,True
3188,168,True
10980,168,True
14014,120,True
3589,180,True
9807,156,False
12488,150,True
3892,162,False
5922,150,True
7270,82,False
11931,150,True
2656,168,False
5892,165,True
7054,132,False
5328,168,True
12542,120,False
15203,120,False
9364,120,False
6821,168,True
3672,78,True
7662,42,True
13713,94,False
11622,120,False
3112,168,True
14915,150,True
14894,106,False
5553,150,True
12179,106,False
2139,162,True
1497,24,True
5942,120,False
8766,180,False
9275,180,False
7208,165,False
9618,36,True
3302,216,True
6103,180,False
9201,96,True
9606,153,True
9138,216,False
8987,162,True
8368,60,True
11888,94,False
14543,88,False
9389,138,True
4715,120,False
3717,120,False
7701,168,True
8251,156,False
8990,42,True
2642,84,False
1482,72,True
2604,150,True
6229,150,True
8216,144,False
9427,60,True
6456,126,False
11881,32,True
14846,72,True
10519,162,True
15172,138,True
14838,156,True
13448,94,False
3430,94,False
5914,135,True
12616,120,False
13914,106,False
13410,168,False
7876,108,True
3251,162,True
2146,48,True
13649,96,True
10547,120,True
3992,138,False
13594,150,False
4625,180,False
7636,138,False
10468,42,True
7706,132,True
1812,168,False
7964,168,True
12704,162,True
3823,18,False
9320,106,False
4313,150,False
11081,132,True
1662,45,True
6917,168,True
11557,120,False
2435,168,True
7089,180,False
2581,36,True
14964,138,True
1811,69,False
2836,126,True
11536,159,False
8647,180,True
4844,60,False
9066,168,True
6252,156,True
14472,96,True
6765,126,False
9112,55,False
11185,48,True
14011,138,True
14383,96,True
1598,84,True
10936,108,True
4324,162,False
9867,94,False
7285,106,False
7581,106,False
14044,180,True
2461,168,True
6018,66,True
7878,120,False
13827,156,True
9037,168,False
6016,168,True
7272,82,False
14772,96,True
6911,132,False
9103,156,False
1754,180,False
14403,72,True
11007,94,False
13810,120,False
6990,156,True
13818,180,True
2465,156,True
10238,198,False
5610,108,True
4588,132,True
9803,24,False
12462,126,False
6313,168,True
13973,144,False
8924,94,False
10968,138,True
4709,132,True
12056,162,True
13701,150,True
5407,144,True
8497,94,False
2638,168,True
12689,156,True
3079,16,False
1486,168,False
2687,82,False
11002,108,True
8040,102,True
10384,94,False
10245,96,True
6634,144,True
2175,28,True
11159,94,False
5601,156,True
2608,94,False
2152,156,False
14699,94,False
7313,48,True
6033,54,True
13939,96,True
14370,132,False
7340,156,False
14311,132,False
10038,156,True
14529,126,False
11956,60,True
8980,144,False
6679,162,False
3115,168,True
9783,144,False
14975,106,False
12410,120,False
5677,132,True
9879,162,True
8345,84,True
13399,94,False
3962,156,True
3032,162,True
13926,120,True
13942,82,False
4918,156,False
2737,192,False
13771,120,False
13909,156,True
13353,96,True
3311,180,False
8052,21,True
10775,132,False
14074,168,True
5059,132,True
10469,126,False
3082,120,True
7117,168,True
3597,156,True
6878,156,False
5107,132,False
9171,132,False
10807,84,True
9160,168,True
7831,132,False
10790,138,True
14779,120,False
11107,126,False
12172,174,True
6618,69,False
11698,162,True
1605,27,True
12874,106,False
7551,132,False
14574,126,True
11255,132,False
13750,50,False
3675,106,False
3419,180,False
14169,114,True
14946,138,True
9955,132,False
14760,162,True
15423,132,False
5308,132,False
15526,132,False
6310,156,True
2680,132,False
6158,162,False
2217,120,True
2678,144,False
4168,168,False
13543,36,False
6030,168,True
1652,156,True
5902,132,False
13604,138,False
12259,180,True
2558,156,True
7131,96,True
7327,126,True
12442,168,True
9137,144,False
11120,108,True
9019,174,True
11266,96,True
8680,156,True
10513,192,False
13375,50,False
14040,150,True
9762,120,False
7435,72,True
12230,204,True
8379,96,True
14493,168,True
15388,180,True
1678,132,False
3714,54,True
10978,180,True
6104,82,False
12506,126,False
11891,120,False
3001,162,True
10743,162,True
4676,100,False
10274,132,True
13490,156,False
13917,150,True
1684,32,True
6081,156,False
10619,150,True
3456,88,False
11293,132,False
3471,108,True
10285,120,True
4353,180,True
4959,186,True
3915,132,False
13357,144,False
13786,69,False
1944,27,False
1387,138,True
2499,60,True
1828,126,True
9292,156,False
12439,108,True
6768,150,True
10053,84,True
14836,21,True
13904,120,False
5182,168,False
9388,162,True
6013,168,True
8030,126,False
15041,168,True
13539,120,False
7919,54,True
10370,120,False
3355,132,False
3486,144,False
4885,96,True
2366,168,True
12850,108,True
9736,108,True
2551,168,True
14223,132,True
14257,150,True
14266,120,False
12664,138,True
7212,82,False
14027,156,False
7584,82,False
9798,168,True
4308,108,True
2564,138,True
14762,144,False
8845,168,True
10311,150,True
2830,165,True
12554,120,True
2494,150,True
14276,138,False
12339,24,True
4032,96,True
1776,60,False
12301,168,True
6841,120,True
3469,132,False
11793,113,False
4968,144,False
12604,186,True
2450,106,False
11144,168,True
11338,132,True
15430,36,True
11597,120,True
2837,114,False
6416,108,True
7821,186,True
1666,192,True
15283,132,True
6994,204,True
9178,106,False
11999,168,True
12656,144,False
3854,144,False
11435,216,False
5058,138,False
9959,82,False
4601,120,False
12544,138,True
12443,72,True
2464,192,True
12255,162,True
9908,72,True
13172,108,True
5739,132,True
10009,82,False
8730,126,False
13000,156,True
7495,108,True
8285,126,False
9235,96,True
15175,120,False
5443,132,False
2858,34,True
15022,69,False
10696,120,False
5276,36,True
1619,106,False
12663,168,True
13043,228,True
8257,144,False
5226,168,True
15238,162,True
12367,168,True
5756,108,True
8321,204,False
4760,168,False
10741,106,True
8793,54,True
10922,153,True
13108,120,False
7905,69,False
13030,168,False
14689,120,True
6547,78,True
4234,144,False
2808,9,True
5376,120,True
5134,132,True
1680,180,True
9195,156,True
15584,54,True
7095,36,True
12200,144,False
15346,138,True
13459,132,False
12433,204,True
8638,48,True
14368,90,True
7537,132,False
9135,96,True
5230,108,True
5336,88,False
14264,42,True
12636,132,False
10415,106,False
9322,156,True
14386,150,True
11042,180,True
14754,150,True
1792,120,False
15216,126,True
6245,132,True
11092,168,True
3961,174,True
6130,204,True
11216,50,False
15410,94,False
9337,132,True
3777,189,True
13693,132,False
10419,144,False
8622,50,False
4895,96,True
9771,132,True
2433,168,True
2115,138,False
10859,156,True
15188,50,False
4254,94,False
2034,18,True
2075,159,False
9644,189,True
9225,150,True
5755,192,False
8330,120,False
13994,72,True
6723,54,True
10951,156,False
12603,54,True
2609,156,True
14801,94,False
3385,120,False
10751,162,True
5976,114,False
2629,138,True
12589,82,False
12166,180,True
11509,180,True
8779,36,True
1848,96,True
10318,106,False
8871,120,False
11056,96,True
5884,94,False
9785,94,False
7573,204,True
14690,135,True
14053,30,False
14659,159,False
3096,132,False
12233,132,False
13766,156,False
9595,138,False
3377,156,True
1420,88,True
14432,150,True
9423,60,True
2773,192,False
15282,84,True
11326,150,False
8864,168,False
3997,132,False
6884,156,True
13896,132,True
12273,106,False
2149,94,False
8390,156,True
14103,144,False
8338,132,False
8491,156,True
1403,60,False
14123,90,True
15503,108,True
12261,156,True
5816,192,True
13668,60,True
10185,108,True
4270,165,False
12561,132,False
14753,96,True
2507,189,True
8769,60,False
12065,186,True
9547,168,True
9077,132,True
9489,144,False
15099,84,True
3912,113,False
12533,168,True
7672,168,True
5899,162,True
6735,156,True
14978,144,False
7496,82,False
1719,138,False
10483,162,True
4867,180,True
3819,94,False
8198,120,True
6430,162,True
7092,69,False
15582,150,False
11902,144,False
4866,168,True
3540,138,False
8645,162,True
11874,120,False
12786,138,False
5689,156,False
13795,132,True
11864,162,False
14600,108,True
4339,183,False
10835,156,True
6522,156,True
13161,186,True
10518,90,True
3613,60,True
5246,72,False
3499,189,True
11878,168,True
14391,24,True
14064,39,True
6468,168,True
6397,192,True
7396,132,True
5515,144,False
15524,106,False
1664,138,True
2538,108,True
3767,114,True
15294,192,True
14237,120,True
11481,168,True
8241,106,False
14507,168,True
4207,144,True
3723,156,False
5378,156,True
9614,84,True
3264,150,True
2443,150,True
3384,174,True
5603,132,False
12641,138,True
3946,180,False
8265,96,True
9197,144,False
13101,106,False
6040,156,True
9695,192,True
13012,84,True
1781,64,False
13993,69,False
12629,82,False
3592,150,True
6034,72,True
3628,36,False
15191,82,False
11596,132,False
1705,138,True
5550,156,True
6475,106,False
9375,94,False
3282,156,True
11503,150,True
14588,162,True
10617,168,False
9693,162,True
13259,94,False
5482,24,False
14646,54,True
12947,168,True
5700,60,True
3920,150,False
2403,204,True
15564,138,False
14941,150,True
12317,108,True
8387,144,False
8428,120,True
3510,210,True
14283,108,True
9789,33,False
3397,138,False
12154,168,True
14859,180,True
13847,180,True
4861,144,False
3719,138,False
2555,168,False
12762,144,False
12392,144,False
13006,168,True
6394,132,False
3360,84,True
2007,60,True
13185,138,True
6548,144,False
9163,132,True
2162,75,True
14643,138,True
12948,162,True
6788,180,True
5120,180,False
6632,60,True
14827,78,True
9147,94,False
5102,96,True
4818,57,True
10105,159,False
8473,120,False
8678,15,False
7441,108,True
12148,82,False
2114,120,True
4174,132,False
14429,84,True
13656,78,True
5307,120,True
9905,150,True
13792,162,False
2049,84,True
7938,180,False
3130,24,False
14286,106,False
6574,174,True
7464,180,True
2715,132,True
9997,144,False
15121,156,True
8366,108,True
7170,102,True
8116,72,True
14973,113,False
10282,82,False
3484,90,True
4294,138,False
3679,132,False
5819,168,True
11554,156,False
11908,106,False
5539,144,False
14749,36,True
8630,132,False
10225,168,True
14816,120,False
6031,162,True
4005,156,False
1786,9,True
2316,168,False
11521,156,True
8530,180,False
5967,132,False
9116,96,True
13394,144,False
8418,120,True
4824,180,True
6701,144,False
4193,66,True
2072,144,False
7391,138,True
1630,120,False
2194,39,False
5215,168,True
14890,60,False
4816,144,False
1514,120,False
7990,82,False
13317,168,True
9956,153,True
14418,144,False
7266,120,False
12064,138,True
12347,156,False
13356,150,False
4337,100,False
14365,162,False
15411,162,True
2389,192,True
5224,156,False
13998,156,True
13764,108,True
11841,138,True
13385,94,False
3018,162,True
3548,138,True
6046,82,False
12204,168,True
11951,60,True
13181,138,True
6807,120,True
9124,162,True
2184,136,True
6910,72,True
14966,168,True
9796,60,True
15514,96,True
10819,120,False
9154,144,False
10427,156,False
2791,180,False
3175,94,False
3288,162,True
5647,94,False
6036,162,True
13462,106,False
11324,150,False
8658,168,True
9257,150,True
15455,138,True
5300,144,True
4615,168,True
10279,120,False
11666,76,False
7187,150,True
1768,138,True
7996,108,True
7855,156,False
14804,82,False
13316,72,True
6047,30,False
12848,60,False
10787,156,True
14007,82,False
6228,69,False
2546,156,True
12187,156,True
9704,156,False
7450,150,True
10320,120,False
4653,150,True
5980,159,True
6283,159,True
4579,156,True
4046,144,False
11208,50,False
5948,150,True
11454,156,True
12937,162,True
9387,82,False
11753,69,False
8655,120,False
2251,138,True
2849,156,True
7290,168,True
9214,162,True
2370,150,False
8140,78,True
12048,138,True
12161,18,True
15050,94,False
11066,180,False
6122,180,True
3874,210,True
11128,168,True
4621,24,False
15383,96,True
4755,168,False
4307,138,True
13807,120,False
14215,84,True
4241,72,True
15262,150,True
2220,180,False
6835,132,True
15274,60,False
5172,72,True
8734,162,False
10960,120,True
15300,150,True
14258,82,False
6303,120,True
3654,66,True
4002,132,False
4664,156,False
9204,168,True
14554,138,True
5041,144,True
13549,150,True
14039,94,False
1390,156,True
9039,186,True
2810,168,True
6947,82,False
7875,138,True
12398,82,False
14999,132,False
7571,132,False
13119,156,True
5201,96,False
3883,120,True
14083,150,True
9302,108,True
1451,90,True
6902,120,False
3210,156,True
14959,150,True
13620,72,True
9487,216,False
6092,42,False
12220,96,True
14032,156,False
10625,168,True
1723,54,False
8253,76,False
15079,60,False
10672,72,True
4808,144,True
13051,186,True
13391,144,False
8944,108,True
3768,168,True
10590,168,False
8849,132,False
14362,150,True
11656,106,False
2566,186,True
11189,96,True
2618,168,True
11485,113,False
5721,72,True
2641,96,True
1779,54,False
4763,156,True
12282,120,False
6413,33,False
1495,139,True
8292,106,False
6586,120,False
8625,94,False
9036,126,False
6593,138,True
10397,156,True
11259,72,True
6535,174,True
4870,162,False
7742,156,True
7577,94,False
3759,120,True
10454,138,True
5195,192,True
3527,156,True
4606,60,True
12862,138,True
8860,108,True
11236,156,True
12853,106,False
14567,138,True
1894,156,False
11547,120,False
7398,144,False
2460,94,False
7704,72,True
4850,156,True
14802,156,False
10598,156,True
8034,138,True
4198,156,True
11946,168,True
9055,50,False
3373,132,True
6882,82,False
6473,120,False
11494,82,False
3815,216,False
6001,82,False
8770,120,False
11714,138,True
4636,132,True
2923,60,True
15374,162,True
12044,32,True
5213,168,True
14936,120,False
1839,132,False
4153,162,False
15094,162,False
4024,156,True
14200,138,False
5738,60,False
10204,132,False
7865,168,True
12426,132,False
6167,106,False
11593,156,True
5057,156,False
7094,82,False
15401,120,True
10216,150,True
9291,120,False
11477,132,False
6967,174,True
12283,126,False
4744,168,True
3099,180,True
15544,120,True
4997,84,False
4150,27,False
10260,138,True
10552,228,True
13186,106,False
12734,108,True
15591,162,True
5772,114,True
5353,168,True
2979,168,True
9777,120,True
13253,88,False
7874,96,True
13403,132,True
2982,228,True
12047,162,True
6817,82,False
9313,150,True
5073,108,True
10143,106,False
6610,132,False
1688,186,True
7138,126,False
2188,168,True
2725,162,True
1730,113,False
11334,132,True
7523,96,True
13885,159,True
10095,204,True
8326,150,True
7891,168,False
10784,108,True
4966,132,True
2850,106,False
7173,159,True
9729,94,False
8263,168,False
14225,108,True
7034,144,True
8718,150,False
9971,96,True
6779,132,False
1982,198,True
8810,144,False
14081,168,False
12580,120,True
3398,132,True
6652,132,True
9217,82,False
1743,64,False
6756,180,False
1915,156,True
15286,72,True
10839,50,False
10209,120,True
7886,81,False
9052,150,True
9314,156,False
7680,168,False
7756,168,True
12808,120,False
13569,120,True
10684,138,True
11744,132,False
2594,69,False
4741,96,False
5570,36,False
11870,150,True
1850,100,False
7653,162,False
7326,94,False
3559,192,False
9705,82,False
7161,94,False
13065,72,True
10304,168,True
10943,156,True
9586,96,True
2613,150,True
2326,132,False
5461,186,False
8453,82,False
12890,192,True
3372,156,True
6677,159,True
12497,168,True
14633,82,False
5188,132,True
11013,135,True
12423,156,False
13640,60,True
9834,100,False
8421,168,False
4224,106,False
5334,168,True
2870,106,False
1865,139,False
4300,168,True
3910,156,True
3987,54,True
10366,162,True
3614,94,False
6699,100,False
11894,150,True
7850,54,True
15285,82,False
5562,84,False
7279,162,True
9392,204,True
15391,132,False
6359,138,True
7776,180,True
7856,42,True
12997,78,True
1578,54,True
11699,162,False
6297,168,True
9877,162,True
11241,120,False
14593,168,True
2521,156,False
12596,168,True
7502,108,True
7038,46,False
9992,168,True
8482,156,False
6256,82,False
11376,50,False
5197,132,False
6828,132,False
2329,120,True
14664,114,True
15429,82,False
9698,162,True
13140,144,False
13683,120,False
6004,84,True
8149,120,True
7928,120,True
11431,138,False
4842,72,False
14184,180,True
5027,120,False
8798,159,True
5965,132,False
1877,56,True
8828,138,False
9265,192,True
8450,132,False
4893,156,True
2947,180,False
5777,120,False
13388,66,True
14060,156,True
3342,156,True
3521,124,True
2855,72,True
11502,204,True
11050,50,False
14881,132,False
12582,132,False
6811,50,False
3817,82,False
11992,132,False
9560,72,True
13280,168,True
5004,100,False
12375,144,False
8111,156,False
2436,156,False
7794,168,True
2545,192,True
6423,138,True
4250,138,True
14657,144,False
9719,162,True
7155,9,False
3788,120,True
1524,108,True
4628,84,True
11299,138,True
5495,36,False
15150,162,True
13765,120,False
13863,168,True
12315,132,False
11171,156,False
4792,51,True
14397,159,False
12567,50,False
7403,94,False
7827,168,True
5069,132,True
14228,120,False
10973,168,False
13530,120,False
6592,144,False
13737,150,True
3909,84,True
4846,100,False
13447,84,True
4718,120,False
8821,94,False
8363,192,True
10885,192,False
12277,96,True
12514,132,False
7148,132,False
1428,33,True
9347,96,True
11025,120,False
6932,72,True
2839,120,False
14033,138,True
13282,120,True
11165,84,True
8191,120,True
10292,120,False
11781,106,False
2128,120,False
7050,156,True
6744,198,True
10528,165,False
14569,96,True
11396,54,True
11276,168,True
14398,108,True
6112,138,True
4017,24,True
5332,28,True
6912,70,False
12960,94,False
7037,126,False
6263,138,True
3077,60,True
14096,138,True
3887,82,False
13949,168,True
10437,168,True
11046,168,True
9085,138,True
2224,138,True
8044,60,True
13548,94,False
6650,156,False
1932,132,False
14962,94,False
15180,132,False
2952,150,True
5794,138,True
9166,132,True
6279,138,True
2740,156,True
1632,126,True
9413,96,True
7447,82,False
4638,84,False
1474,126,False
15027,90,True
5822,162,True
13989,144,True
13173,180,False
12483,150,True
2076,120,False
14132,120,False
2686,144,False
8371,150,True
5131,108,True
7789,132,False
9096,156,True
11242,156,False
5263,108,True
5936,120,False
5335,36,True
6293,174,True
12752,72,True
4223,198,True
15418,156,False
9700,126,False
6576,168,True
10747,120,True
8092,156,False
4243,90,True
12362,168,True
10812,138,True
14737,132,False
4794,120,False
7877,132,True
1677,57,True
8908,150,False
4837,144,False
14058,156,True
15165,132,False
12376,60,False
11004,120,False
14823,82,False
10481,132,True
1521,106,False
5385,120,False
12448,144,False
14128,126,False
9203,162,True
1432,170,True
4328,180,True
12164,132,False
3897,32,True
13017,138,True
8229,138,True
9063,162,False
8110,156,True
13662,94,False
14556,94,False
7940,108,True
13086,96,True
13642,132,True
14842,54,True
9579,168,True
9141,120,False
10955,156,False
5544,60,True
1949,162,True
6809,132,False
15239,106,False
6888,150,True
14359,180,True
1984,108,True
3295,168,False
8055,18,True
1988,162,True
1899,136,True
3357,94,False
4952,100,False
13813,132,True
3227,50,False
14538,156,False
7185,94,False
8495,138,True
9525,108,True
7897,150,True
1912,30,False
9303,168,True
7220,168,True
12303,60,True
14090,189,True
3441,96,True
9259,168,True
11074,96,True
11693,120,True
9686,72,True
4031,168,False
13198,162,True
9691,156,True
4229,106,False
14343,204,False
11959,204,True
12245,120,False
9893,144,True
1595,165,False
8591,82,False
12359,144,False
5178,138,True
11674,84,True
2693,180,True
6461,132,True
15066,192,True
11625,150,True
6345,132,True
15072,150,True
5990,120,False
12765,174,True
6980,144,False
3266,108,True
11008,180,False
8325,156,True
3623,24,False
8603,159,True
3219,72,False
9987,120,True
9621,162,True
4980,168,True
6577,106,False
5927,204,True
8329,82,False
10730,156,False
12971,106,False
14668,108,True
1601,69,False
6389,165,True
8513,132,False
13935,150,True
2093,138,True
12613,144,False
11546,162,True
11467,120,True
10616,168,True
9531,162,True
12308,162,True
12832,138,False
12213,96,True
2067,108,True
2970,147,True
7484,39,True
3073,168,True
3305,60,True
5881,162,True
7125,162,False
4131,179,True
5325,96,False
12289,120,False
12460,162,True
11711,90,True
14464,94,False
15169,120,True
9222,150,False
1751,162,True
2174,150,True
3866,120,False
11322,120,True
12776,120,False
6906,120,False
1995,106,False
3850,138,False
13347,162,False
7044,204,True
1742,174,False
9925,162,True
4021,82,False
7838,162,True
4082,165,True
14101,156,True
5465,156,True
5337,156,True
7276,168,True
1739,162,True
12108,106,False
13686,120,False
14113,186,True
1880,72,True
6952,132,False
5600,174,False
13129,106,False
8636,106,False
12856,162,True
6048,69,False
13586,138,True
3413,138,True
12373,108,True
4157,150,True
6208,82,False
6009,204,True
5305,84,False
10239,94,False
3739,158,True
13451,156,False
5277,168,True
9402,168,True
8783,120,False
5055,180,True
8355,106,False
5508,174,True
12529,150,False
9968,108,True
9276,150,True
6356,192,False
9333,156,False
15459,168,True
11578,150,True
10093,60,True
3583,30,False
12454,162,True
14192,150,True
8236,120,False
10364,84,True
5879,156,True
2640,168,True
8312,94,False
15463,82,False
8004,96,True
11940,82,False
15057,90,True
5066,120,False
9714,180,True
10139,100,False
1772,48,True
2187,144,True
2384,180,True
14855,159,False
8888,144,False
1748,200,True
13741,94,False
5800,126,False
14880,162,True
15194,168,True
9278,168,True
4570,156,True
13821,66,True
12611,60,True
10875,144,False
12505,168,True
12799,77,False
11562,108,True
13072,78,True
10422,144,False
2120,120,True
3751,159,False
6253,120,False
9537,94,False
13899,132,False
8859,39,False
11514,106,False
11179,126,False
4860,96,True
12700,186,True
10382,168,False
13823,24,False
8624,132,False
12499,138,False
10927,162,True
3658,138,False
9671,144,False
14347,132,False
7207,60,False
13256,108,True
8919,94,False
15379,168,False
14571,50,False
4961,72,True
15023,132,False
12642,50,False
9460,138,True
14351,108,True
8583,100,False
13557,82,False
4798,106,False
12175,162,True
10555,144,True
14993,132,False
14721,108,True
12946,94,False
12583,132,False
6069,150,True
12152,180,False
7349,72,True
5564,120,True
9628,138,True
3224,120,False
14533,106,False
14707,156,False
7367,132,False
12835,156,True
8917,42,True
12051,106,False
9373,132,False
13763,66,True
7010,108,True
9189,150,True
5973,60,False
12577,144,False
3491,108,True
13787,102,True
8862,138,True
14412,144,False
12967,69,False
15510,120,True
13038,40,True
2333,162,True
12673,84,True
4809,96,True
14013,94,False
5998,132,False
7381,138,True
12821,72,True
1538,146,True
3034,113,False
10013,120,True
5765,36,True
15209,94,False
4314,120,False
11249,138,True
7231,162,False
5779,162,True
9517,150,True
7890,78,True
4693,132,True
9918,132,False
10447,150,True
12411,132,False
6690,132,True
5516,144,True
5633,132,False
13446,106,False
6604,168,True
14905,120,True
7421,120,True
14384,138,True
4662,150,True
8315,126,False
12447,162,False
7065,94,False
13053,69,False
3685,132,False
13409,150,True
11829,132,True
13967,180,False
3198,141,True
2369,180,False
8243,156,False
14674,94,False
9849,144,True
9993,156,True
9125,72,True
2539,180,False
1831,120,True
9027,168,True
11444,94,False
5932,174,True
8445,96,True
9970,132,False
1604,60,False
4128,15,True
13134,108,True
3406,167,False
3617,126,False
9572,54,True
9868,132,True
1974,84,True
13801,132,True
4856,36,False
5374,27,False
8099,162,True
12547,156,True
12129,168,True
14805,162,True
4358,204,False
3151,150,True
7461,150,True
10683,106,False
8517,106,False
10478,94,False
14455,150,True
15227,168,True
15185,108,True
13803,162,True
12194,138,True
8071,204,True
3596,57,True
12809,138,True
1718,120,True
1720,106,False
6524,94,False
9041,108,True
5145,96,True
14877,168,False
12651,60,True
5113,156,True
3329,159,True
13217,138,True
4064,144,False
13423,106,False
9298,150,True
5169,144,True
4340,174,False
6480,120,False
13839,204,True
2801,156,True
8760,156,True
5009,144,False
6300,132,False
7837,132,False
8623,132,True
2735,156,True
1947,120,True
6778,186,True
5793,50,False
14989,159,True
5268,156,True
14525,82,False
8439,106,False
13519,216,True
7304,150,True
7606,94,False
2904,126,False
9026,138,True
15028,108,True
3656,132,False
6392,120,False
14229,162,True
14918,50,False
14943,216,True
4196,106,False
6502,120,False
1757,120,False
7303,138,True
9369,144,False
10343,72,True
7053,138,True
11798,82,False
5364,84,False
3246,198,True
7105,132,False
10090,168,True
2843,162,True
7602,120,False
1615,174,True
12481,88,False
9417,32,True
1999,138,True
7899,186,True
10035,60,False
2227,138,True
2153,180,True
10824,204,False
12313,82,False
8920,144,False
14179,174,False
13099,180,True
13454,42,False
6776,162,True
4342,132,False
7567,96,True
14438,150,True
12987,84,True
11348,120,False
8952,120,False
12618,144,False
6106,168,True
8105,132,False
6894,192,True
3775,156,False
8009,156,True
14735,132,False
3229,165,True
2990,132,True
12632,150,True
7770,72,True
2888,132,False
11049,162,False
